repayment_id,policy_no,due_date,status
RP1,T1000000021,2025-10-31,missed
RP2,T1000000021,2026-01-30,missed
RP3,T1000000021,2026-05-01,paid
RP4,T1000000076,2025-10-31,paid
RP5,T1000000076,2025-11-30,paid
RP6,T1000000076,2025-12-30,paid
RP7,T1000000076,2026-01-29,paid
RP8,T1000000076,2026-02-28,missed
RP9,T1000000076,2026-03-30,missed
RP10,T1000000076,2026-04-29,paid
RP11,T1000000076,2026-05-29,missed
RP12,T1000000076,2026-06-28,paid
RP13,T1000000077,2025-10-31,paid
RP14,T1000000077,2025-11-30,paid
RP15,T1000000077,2025-12-30,paid
RP16,T1000000077,2026-01-29,missed
RP17,T1000000077,2026-02-28,missed
RP18,T1000000077,2026-03-30,paid
RP19,T1000000077,2026-04-29,paid
RP20,T1000000077,2026-05-29,paid
RP21,T1000000077,2026-06-28,missed
RP22,T1000000094,2025-10-31,missed
RP23,T1000000094,2026-01-30,paid
RP24,T1000000094,2026-05-01,paid
RP25,T1000000095,2025-10-31,missed
RP26,T1000000095,2025-11-30,paid
RP27,T1000000095,2025-12-30,paid
RP28,T1000000095,2026-01-29,paid
RP29,T1000000095,2026-02-28,paid
RP30,T1000000095,2026-03-30,paid
RP31,T1000000095,2026-04-29,paid
RP32,T1000000095,2026-05-29,paid
RP33,T1000000095,2026-06-28,paid
RP34,T1000000107,2025-10-31,missed
RP35,T1000000107,2025-11-30,paid
RP36,T1000000107,2025-12-30,paid
RP37,T1000000107,2026-01-29,paid
RP38,T1000000107,2026-02-28,paid
RP39,T1000000107,2026-03-30,missed
RP40,T1000000107,2026-04-29,paid
RP41,T1000000107,2026-05-29,paid
RP42,T1000000107,2026-06-28,missed
RP43,T1000000174,2025-10-31,paid
RP44,T1000000174,2025-11-30,paid
RP45,T1000000174,2025-12-30,paid
RP46,T1000000174,2026-01-29,paid
RP47,T1000000174,2026-02-28,missed
RP48,T1000000174,2026-03-30,missed
RP49,T1000000174,2026-04-29,missed
RP50,T1000000174,2026-05-29,missed
RP51,T1000000174,2026-06-28,paid
RP52,T1000000252,2025-10-31,paid
RP53,T1000000252,2025-11-30,paid
RP54,T1000000252,2025-12-30,paid
RP55,T1000000252,2026-01-29,missed
RP56,T1000000252,2026-02-28,paid
RP57,T1000000252,2026-03-30,paid
RP58,T1000000252,2026-04-29,missed
RP59,T1000000252,2026-05-29,paid
RP60,T1000000252,2026-06-28,paid
RP61,T1000000309,2025-10-31,missed
RP62,T1000000309,2025-11-30,paid
RP63,T1000000309,2025-12-30,missed
RP64,T1000000309,2026-01-29,missed
RP65,T1000000309,2026-02-28,paid
RP66,T1000000309,2026-03-30,paid
RP67,T1000000309,2026-04-29,paid
RP68,T1000000309,2026-05-29,paid
RP69,T1000000309,2026-06-28,paid
RP70,T1000000311,2025-10-31,paid
RP71,T1000000311,2026-01-30,paid
RP72,T1000000311,2026-05-01,missed
RP73,T1000000425,2025-10-31,paid
RP74,T1000000425,2025-11-30,paid
RP75,T1000000425,2025-12-30,missed
RP76,T1000000425,2026-01-29,paid
RP77,T1000000425,2026-02-28,paid
RP78,T1000000425,2026-03-30,paid
RP79,T1000000425,2026-04-29,paid
RP80,T1000000425,2026-05-29,missed
RP81,T1000000425,2026-06-28,paid
RP82,T1000000441,2025-10-31,paid
RP83,T1000000441,2025-11-30,missed
RP84,T1000000441,2025-12-30,paid
RP85,T1000000441,2026-01-29,paid
RP86,T1000000441,2026-02-28,missed
RP87,T1000000441,2026-03-30,paid
RP88,T1000000441,2026-04-29,paid
RP89,T1000000441,2026-05-29,paid
RP90,T1000000441,2026-06-28,paid
RP91,T1000000563,2025-10-31,paid
RP92,T1000000563,2025-11-30,paid
RP93,T1000000563,2025-12-30,paid
RP94,T1000000563,2026-01-29,missed
RP95,T1000000563,2026-02-28,paid
RP96,T1000000563,2026-03-30,paid
RP97,T1000000563,2026-04-29,paid
RP98,T1000000563,2026-05-29,paid
RP99,T1000000563,2026-06-28,missed
RP100,T1000000594,2025-10-31,paid
RP101,T1000000594,2026-01-30,paid
RP102,T1000000594,2026-05-01,paid
RP103,T1000000628,2025-10-31,missed
RP104,T1000000628,2025-11-30,paid
RP105,T1000000628,2025-12-30,paid
RP106,T1000000628,2026-01-29,paid
RP107,T1000000628,2026-02-28,paid
RP108,T1000000628,2026-03-30,missed
RP109,T1000000628,2026-04-29,paid
RP110,T1000000628,2026-05-29,missed
RP111,T1000000628,2026-06-28,paid
RP112,T1000000648,2025-10-31,missed
RP113,T1000000648,2026-01-30,missed
RP114,T1000000648,2026-05-01,paid
RP115,T1000000658,2025-10-31,paid
RP116,T1000000658,2025-11-30,paid
RP117,T1000000658,2025-12-30,missed
RP118,T1000000658,2026-01-29,missed
RP119,T1000000658,2026-02-28,paid
RP120,T1000000658,2026-03-30,paid
RP121,T1000000658,2026-04-29,paid
RP122,T1000000658,2026-05-29,paid
RP123,T1000000658,2026-06-28,paid
RP124,T1000000703,2025-10-31,paid
RP125,T1000000703,2026-01-30,paid
RP126,T1000000703,2026-05-01,paid
RP127,T1000000705,2025-10-31,paid
RP128,T1000000705,2026-01-30,paid
RP129,T1000000705,2026-05-01,paid
RP130,T1000000737,2025-10-31,paid
RP131,T1000000737,2025-11-30,paid
RP132,T1000000737,2025-12-30,paid
RP133,T1000000737,2026-01-29,paid
RP134,T1000000737,2026-02-28,paid
RP135,T1000000737,2026-03-30,missed
RP136,T1000000737,2026-04-29,paid
RP137,T1000000737,2026-05-29,paid
RP138,T1000000737,2026-06-28,paid
RP139,T1000000747,2025-10-31,paid
RP140,T1000000747,2025-11-30,missed
RP141,T1000000747,2025-12-30,paid
RP142,T1000000747,2026-01-29,paid
RP143,T1000000747,2026-02-28,paid
RP144,T1000000747,2026-03-30,missed
RP145,T1000000747,2026-04-29,paid
RP146,T1000000747,2026-05-29,paid
RP147,T1000000747,2026-06-28,paid
RP148,T1000000794,2025-10-31,missed
RP149,T1000000794,2025-11-30,paid
RP150,T1000000794,2025-12-30,paid
RP151,T1000000794,2026-01-29,paid
RP152,T1000000794,2026-02-28,missed
RP153,T1000000794,2026-03-30,paid
RP154,T1000000794,2026-04-29,paid
RP155,T1000000794,2026-05-29,paid
RP156,T1000000794,2026-06-28,paid
RP157,T1000000799,2025-10-31,paid
RP158,T1000000799,2026-01-30,missed
RP159,T1000000799,2026-05-01,paid
RP160,T1000000805,2025-10-31,paid
RP161,T1000000805,2025-11-30,missed
RP162,T1000000805,2025-12-30,paid
RP163,T1000000805,2026-01-29,missed
RP164,T1000000805,2026-02-28,paid
RP165,T1000000805,2026-03-30,missed
RP166,T1000000805,2026-04-29,paid
RP167,T1000000805,2026-05-29,paid
RP168,T1000000805,2026-06-28,paid
RP169,T1000000822,2025-10-31,paid
RP170,T1000000822,2025-11-30,paid
RP171,T1000000822,2025-12-30,missed
RP172,T1000000822,2026-01-29,missed
RP173,T1000000822,2026-02-28,paid
RP174,T1000000822,2026-03-30,missed
RP175,T1000000822,2026-04-29,paid
RP176,T1000000822,2026-05-29,paid
RP177,T1000000822,2026-06-28,paid
RP178,T1000000868,2025-10-31,paid
RP179,T1000000868,2026-01-30,paid
RP180,T1000000868,2026-05-01,paid
RP181,T1000000930,2025-10-31,paid
RP182,T1000000930,2026-01-30,paid
RP183,T1000000930,2026-05-01,paid
RP184,T1000000993,2025-10-31,paid
RP185,T1000000993,2026-01-30,missed
RP186,T1000000993,2026-05-01,paid
RP187,T1000001020,2025-10-31,paid
RP188,T1000001020,2026-01-30,paid
RP189,T1000001020,2026-05-01,paid
RP190,T1000001216,2025-10-31,paid
RP191,T1000001216,2025-11-30,paid
RP192,T1000001216,2025-12-30,paid
RP193,T1000001216,2026-01-29,paid
RP194,T1000001216,2026-02-28,missed
RP195,T1000001216,2026-03-30,paid
RP196,T1000001216,2026-04-29,paid
RP197,T1000001216,2026-05-29,paid
RP198,T1000001216,2026-06-28,paid
RP199,T1000001277,2025-10-31,missed
RP200,T1000001277,2026-01-30,paid
RP201,T1000001277,2026-05-01,paid
RP202,T1000001303,2025-10-31,paid
RP203,T1000001303,2025-11-30,paid
RP204,T1000001303,2025-12-30,paid
RP205,T1000001303,2026-01-29,missed
RP206,T1000001303,2026-02-28,paid
RP207,T1000001303,2026-03-30,paid
RP208,T1000001303,2026-04-29,paid
RP209,T1000001303,2026-05-29,paid
RP210,T1000001303,2026-06-28,paid
RP211,T1000001307,2025-10-31,missed
RP212,T1000001307,2026-01-30,missed
RP213,T1000001307,2026-05-01,paid
RP214,T1000001339,2025-10-31,paid
RP215,T1000001339,2025-11-30,paid
RP216,T1000001339,2025-12-30,paid
RP217,T1000001339,2026-01-29,paid
RP218,T1000001339,2026-02-28,paid
RP219,T1000001339,2026-03-30,missed
RP220,T1000001339,2026-04-29,paid
RP221,T1000001339,2026-05-29,paid
RP222,T1000001339,2026-06-28,paid
RP223,T1000001364,2025-10-31,paid
RP224,T1000001364,2026-01-30,paid
RP225,T1000001364,2026-05-01,paid
RP226,T1000001410,2025-10-31,missed
RP227,T1000001410,2025-11-30,missed
RP228,T1000001410,2025-12-30,paid
RP229,T1000001410,2026-01-29,missed
RP230,T1000001410,2026-02-28,paid
RP231,T1000001410,2026-03-30,paid
RP232,T1000001410,2026-04-29,paid
RP233,T1000001410,2026-05-29,missed
RP234,T1000001410,2026-06-28,paid
RP235,T1000001413,2025-10-31,missed
RP236,T1000001413,2026-01-30,missed
RP237,T1000001413,2026-05-01,paid
RP238,T1000001414,2025-10-31,missed
RP239,T1000001414,2025-11-30,missed
RP240,T1000001414,2025-12-30,paid
RP241,T1000001414,2026-01-29,missed
RP242,T1000001414,2026-02-28,paid
RP243,T1000001414,2026-03-30,paid
RP244,T1000001414,2026-04-29,paid
RP245,T1000001414,2026-05-29,paid
RP246,T1000001414,2026-06-28,paid
RP247,T1000001421,2025-10-31,paid
RP248,T1000001421,2026-01-30,paid
RP249,T1000001421,2026-05-01,paid
RP250,T1000001472,2025-10-31,paid
RP251,T1000001472,2025-11-30,paid
RP252,T1000001472,2025-12-30,paid
RP253,T1000001472,2026-01-29,paid
RP254,T1000001472,2026-02-28,paid
RP255,T1000001472,2026-03-30,missed
RP256,T1000001472,2026-04-29,paid
RP257,T1000001472,2026-05-29,missed
RP258,T1000001472,2026-06-28,missed
RP259,T1000001477,2025-10-31,paid
RP260,T1000001477,2026-01-30,paid
RP261,T1000001477,2026-05-01,paid
RP262,T1000001488,2025-10-31,missed
RP263,T1000001488,2026-01-30,paid
RP264,T1000001488,2026-05-01,paid
RP265,T1000001498,2025-10-31,missed
RP266,T1000001498,2026-01-30,paid
RP267,T1000001498,2026-05-01,paid
RP268,T1000001509,2025-10-31,paid
RP269,T1000001509,2026-01-30,paid
RP270,T1000001509,2026-05-01,missed
RP271,T1000001597,2025-10-31,missed
RP272,T1000001597,2025-11-30,paid
RP273,T1000001597,2025-12-30,missed
RP274,T1000001597,2026-01-29,paid
RP275,T1000001597,2026-02-28,paid
RP276,T1000001597,2026-03-30,paid
RP277,T1000001597,2026-04-29,missed
RP278,T1000001597,2026-05-29,paid
RP279,T1000001597,2026-06-28,paid
RP280,T1000001615,2025-10-31,missed
RP281,T1000001615,2026-01-30,missed
RP282,T1000001615,2026-05-01,paid
RP283,T1000001617,2025-10-31,paid
RP284,T1000001617,2025-11-30,paid
RP285,T1000001617,2025-12-30,missed
RP286,T1000001617,2026-01-29,paid
RP287,T1000001617,2026-02-28,paid
RP288,T1000001617,2026-03-30,paid
RP289,T1000001617,2026-04-29,paid
RP290,T1000001617,2026-05-29,paid
RP291,T1000001617,2026-06-28,paid
RP292,T1000001641,2025-10-31,paid
RP293,T1000001641,2025-11-30,paid
RP294,T1000001641,2025-12-30,paid
RP295,T1000001641,2026-01-29,missed
RP296,T1000001641,2026-02-28,paid
RP297,T1000001641,2026-03-30,paid
RP298,T1000001641,2026-04-29,paid
RP299,T1000001641,2026-05-29,paid
RP300,T1000001641,2026-06-28,paid
RP301,T1000001693,2025-10-31,paid
RP302,T1000001693,2025-11-30,paid
RP303,T1000001693,2025-12-30,paid
RP304,T1000001693,2026-01-29,paid
RP305,T1000001693,2026-02-28,paid
RP306,T1000001693,2026-03-30,paid
RP307,T1000001693,2026-04-29,paid
RP308,T1000001693,2026-05-29,paid
RP309,T1000001693,2026-06-28,paid
RP310,T1000001700,2025-10-31,paid
RP311,T1000001700,2025-11-30,paid
RP312,T1000001700,2025-12-30,paid
RP313,T1000001700,2026-01-29,paid
RP314,T1000001700,2026-02-28,paid
RP315,T1000001700,2026-03-30,missed
RP316,T1000001700,2026-04-29,paid
RP317,T1000001700,2026-05-29,paid
RP318,T1000001700,2026-06-28,paid
RP319,T1000001723,2025-10-31,missed
RP320,T1000001723,2025-11-30,missed
RP321,T1000001723,2025-12-30,paid
RP322,T1000001723,2026-01-29,paid
RP323,T1000001723,2026-02-28,paid
RP324,T1000001723,2026-03-30,paid
RP325,T1000001723,2026-04-29,missed
RP326,T1000001723,2026-05-29,missed
RP327,T1000001723,2026-06-28,missed
RP328,T1000001735,2025-10-31,paid
RP329,T1000001735,2026-01-30,paid
RP330,T1000001735,2026-05-01,missed
RP331,T1000001757,2025-10-31,paid
RP332,T1000001757,2026-01-30,paid
RP333,T1000001757,2026-05-01,paid
RP334,T1000001767,2025-10-31,paid
RP335,T1000001767,2026-01-30,missed
RP336,T1000001767,2026-05-01,missed
RP337,T1000001777,2025-10-31,paid
RP338,T1000001777,2025-11-30,missed
RP339,T1000001777,2025-12-30,paid
RP340,T1000001777,2026-01-29,paid
RP341,T1000001777,2026-02-28,missed
RP342,T1000001777,2026-03-30,paid
RP343,T1000001777,2026-04-29,paid
RP344,T1000001777,2026-05-29,paid
RP345,T1000001777,2026-06-28,paid
RP346,T1000001778,2025-10-31,missed
RP347,T1000001778,2025-11-30,paid
RP348,T1000001778,2025-12-30,missed
RP349,T1000001778,2026-01-29,paid
RP350,T1000001778,2026-02-28,missed
RP351,T1000001778,2026-03-30,paid
RP352,T1000001778,2026-04-29,paid
RP353,T1000001778,2026-05-29,missed
RP354,T1000001778,2026-06-28,paid
RP355,T1000001843,2025-10-31,missed
RP356,T1000001843,2026-01-30,paid
RP357,T1000001843,2026-05-01,paid
RP358,T1000001869,2025-10-31,paid
RP359,T1000001869,2025-11-30,paid
RP360,T1000001869,2025-12-30,paid
RP361,T1000001869,2026-01-29,missed
RP362,T1000001869,2026-02-28,paid
RP363,T1000001869,2026-03-30,paid
RP364,T1000001869,2026-04-29,paid
RP365,T1000001869,2026-05-29,paid
RP366,T1000001869,2026-06-28,missed
RP367,T1000001899,2025-10-31,paid
RP368,T1000001899,2025-11-30,paid
RP369,T1000001899,2025-12-30,paid
RP370,T1000001899,2026-01-29,paid
RP371,T1000001899,2026-02-28,paid
RP372,T1000001899,2026-03-30,paid
RP373,T1000001899,2026-04-29,paid
RP374,T1000001899,2026-05-29,paid
RP375,T1000001899,2026-06-28,missed
RP376,T1000001987,2025-10-31,missed
RP377,T1000001987,2025-11-30,paid
RP378,T1000001987,2025-12-30,missed
RP379,T1000001987,2026-01-29,paid
RP380,T1000001987,2026-02-28,paid
RP381,T1000001987,2026-03-30,paid
RP382,T1000001987,2026-04-29,paid
RP383,T1000001987,2026-05-29,paid
RP384,T1000001987,2026-06-28,missed
RP385,T1000002008,2025-10-31,paid
RP386,T1000002008,2025-11-30,missed
RP387,T1000002008,2025-12-30,missed
RP388,T1000002008,2026-01-29,paid
RP389,T1000002008,2026-02-28,paid
RP390,T1000002008,2026-03-30,missed
RP391,T1000002008,2026-04-29,missed
RP392,T1000002008,2026-05-29,paid
RP393,T1000002008,2026-06-28,missed
RP394,T1000002030,2025-10-31,missed
RP395,T1000002030,2025-11-30,missed
RP396,T1000002030,2025-12-30,missed
RP397,T1000002030,2026-01-29,paid
RP398,T1000002030,2026-02-28,paid
RP399,T1000002030,2026-03-30,paid
RP400,T1000002030,2026-04-29,paid
RP401,T1000002030,2026-05-29,paid
RP402,T1000002030,2026-06-28,paid
RP403,T1000002078,2025-10-31,paid
RP404,T1000002078,2025-11-30,paid
RP405,T1000002078,2025-12-30,paid
RP406,T1000002078,2026-01-29,paid
RP407,T1000002078,2026-02-28,missed
RP408,T1000002078,2026-03-30,paid
RP409,T1000002078,2026-04-29,paid
RP410,T1000002078,2026-05-29,paid
RP411,T1000002078,2026-06-28,missed
RP412,T1000002122,2025-10-31,paid
RP413,T1000002122,2025-11-30,paid
RP414,T1000002122,2025-12-30,paid
RP415,T1000002122,2026-01-29,paid
RP416,T1000002122,2026-02-28,paid
RP417,T1000002122,2026-03-30,missed
RP418,T1000002122,2026-04-29,paid
RP419,T1000002122,2026-05-29,paid
RP420,T1000002122,2026-06-28,paid
RP421,T1000002141,2025-10-31,paid
RP422,T1000002141,2026-01-30,paid
RP423,T1000002141,2026-05-01,paid
RP424,T1000002174,2025-10-31,paid
RP425,T1000002174,2026-01-30,missed
RP426,T1000002174,2026-05-01,paid
RP427,T1000002201,2025-10-31,paid
RP428,T1000002201,2025-11-30,paid
RP429,T1000002201,2025-12-30,paid
RP430,T1000002201,2026-01-29,paid
RP431,T1000002201,2026-02-28,paid
RP432,T1000002201,2026-03-30,paid
RP433,T1000002201,2026-04-29,paid
RP434,T1000002201,2026-05-29,paid
RP435,T1000002201,2026-06-28,paid
RP436,T1000002204,2025-10-31,paid
RP437,T1000002204,2025-11-30,missed
RP438,T1000002204,2025-12-30,missed
RP439,T1000002204,2026-01-29,paid
RP440,T1000002204,2026-02-28,paid
RP441,T1000002204,2026-03-30,missed
RP442,T1000002204,2026-04-29,paid
RP443,T1000002204,2026-05-29,paid
RP444,T1000002204,2026-06-28,paid
RP445,T1000002213,2025-10-31,missed
RP446,T1000002213,2025-11-30,paid
RP447,T1000002213,2025-12-30,paid
RP448,T1000002213,2026-01-29,paid
RP449,T1000002213,2026-02-28,paid
RP450,T1000002213,2026-03-30,paid
RP451,T1000002213,2026-04-29,missed
RP452,T1000002213,2026-05-29,missed
RP453,T1000002213,2026-06-28,paid
RP454,T1000002229,2025-10-31,missed
RP455,T1000002229,2025-11-30,missed
RP456,T1000002229,2025-12-30,paid
RP457,T1000002229,2026-01-29,paid
RP458,T1000002229,2026-02-28,paid
RP459,T1000002229,2026-03-30,paid
RP460,T1000002229,2026-04-29,paid
RP461,T1000002229,2026-05-29,paid
RP462,T1000002229,2026-06-28,paid
RP463,T1000002269,2025-10-31,missed
RP464,T1000002269,2026-01-30,paid
RP465,T1000002269,2026-05-01,paid
RP466,T1000002302,2025-10-31,paid
RP467,T1000002302,2026-01-30,paid
RP468,T1000002302,2026-05-01,paid
RP469,T1000002349,2025-10-31,paid
RP470,T1000002349,2026-01-30,paid
RP471,T1000002349,2026-05-01,paid
RP472,T1000002531,2025-10-31,paid
RP473,T1000002531,2026-01-30,paid
RP474,T1000002531,2026-05-01,paid
RP475,T1000002605,2025-10-31,paid
RP476,T1000002605,2025-11-30,paid
RP477,T1000002605,2025-12-30,paid
RP478,T1000002605,2026-01-29,paid
RP479,T1000002605,2026-02-28,paid
RP480,T1000002605,2026-03-30,paid
RP481,T1000002605,2026-04-29,paid
RP482,T1000002605,2026-05-29,missed
RP483,T1000002605,2026-06-28,paid
RP484,T1000002680,2025-10-31,paid
RP485,T1000002680,2026-01-30,paid
RP486,T1000002680,2026-05-01,paid
RP487,T1000002688,2025-10-31,paid
RP488,T1000002688,2025-11-30,paid
RP489,T1000002688,2025-12-30,paid
RP490,T1000002688,2026-01-29,missed
RP491,T1000002688,2026-02-28,missed
RP492,T1000002688,2026-03-30,missed
RP493,T1000002688,2026-04-29,paid
RP494,T1000002688,2026-05-29,paid
RP495,T1000002688,2026-06-28,paid
RP496,T1000002718,2025-10-31,paid
RP497,T1000002718,2026-01-30,missed
RP498,T1000002718,2026-05-01,paid
RP499,T1000002727,2025-10-31,paid
RP500,T1000002727,2026-01-30,missed
RP501,T1000002727,2026-05-01,paid
RP502,T1000002831,2025-10-31,paid
RP503,T1000002831,2026-01-30,paid
RP504,T1000002831,2026-05-01,paid
RP505,T1000002834,2025-10-31,paid
RP506,T1000002834,2026-01-30,missed
RP507,T1000002834,2026-05-01,paid
RP508,T1000002864,2025-10-31,missed
RP509,T1000002864,2026-01-30,paid
RP510,T1000002864,2026-05-01,paid
RP511,T1000002879,2025-10-31,missed
RP512,T1000002879,2026-01-30,paid
RP513,T1000002879,2026-05-01,paid
RP514,T1000002934,2025-10-31,paid
RP515,T1000002934,2026-01-30,paid
RP516,T1000002934,2026-05-01,missed
RP517,T1000002950,2025-10-31,missed
RP518,T1000002950,2026-01-30,missed
RP519,T1000002950,2026-05-01,missed
RP520,T1000003001,2025-10-31,paid
RP521,T1000003001,2025-11-30,paid
RP522,T1000003001,2025-12-30,paid
RP523,T1000003001,2026-01-29,missed
RP524,T1000003001,2026-02-28,paid
RP525,T1000003001,2026-03-30,paid
RP526,T1000003001,2026-04-29,paid
RP527,T1000003001,2026-05-29,paid
RP528,T1000003001,2026-06-28,paid
RP529,T1000003042,2025-10-31,paid
RP530,T1000003042,2025-11-30,paid
RP531,T1000003042,2025-12-30,paid
RP532,T1000003042,2026-01-29,paid
RP533,T1000003042,2026-02-28,paid
RP534,T1000003042,2026-03-30,paid
RP535,T1000003042,2026-04-29,paid
RP536,T1000003042,2026-05-29,paid
RP537,T1000003042,2026-06-28,paid
RP538,T1000003097,2025-10-31,paid
RP539,T1000003097,2025-11-30,paid
RP540,T1000003097,2025-12-30,paid
RP541,T1000003097,2026-01-29,missed
RP542,T1000003097,2026-02-28,missed
RP543,T1000003097,2026-03-30,paid
RP544,T1000003097,2026-04-29,missed
RP545,T1000003097,2026-05-29,paid
RP546,T1000003097,2026-06-28,paid
RP547,T1000003103,2025-10-31,missed
RP548,T1000003103,2025-11-30,paid
RP549,T1000003103,2025-12-30,paid
RP550,T1000003103,2026-01-29,missed
RP551,T1000003103,2026-02-28,missed
RP552,T1000003103,2026-03-30,paid
RP553,T1000003103,2026-04-29,paid
RP554,T1000003103,2026-05-29,missed
RP555,T1000003103,2026-06-28,paid
RP556,T1000003104,2025-10-31,paid
RP557,T1000003104,2026-01-30,paid
RP558,T1000003104,2026-05-01,missed
RP559,T1000003180,2025-10-31,missed
RP560,T1000003180,2025-11-30,missed
RP561,T1000003180,2025-12-30,missed
RP562,T1000003180,2026-01-29,missed
RP563,T1000003180,2026-02-28,paid
RP564,T1000003180,2026-03-30,paid
RP565,T1000003180,2026-04-29,missed
RP566,T1000003180,2026-05-29,missed
RP567,T1000003180,2026-06-28,paid
RP568,T1000003186,2025-10-31,paid
RP569,T1000003186,2025-11-30,missed
RP570,T1000003186,2025-12-30,paid
RP571,T1000003186,2026-01-29,paid
RP572,T1000003186,2026-02-28,paid
RP573,T1000003186,2026-03-30,paid
RP574,T1000003186,2026-04-29,paid
RP575,T1000003186,2026-05-29,paid
RP576,T1000003186,2026-06-28,missed
RP577,T1000003219,2025-10-31,paid
RP578,T1000003219,2025-11-30,paid
RP579,T1000003219,2025-12-30,paid
RP580,T1000003219,2026-01-29,paid
RP581,T1000003219,2026-02-28,paid
RP582,T1000003219,2026-03-30,paid
RP583,T1000003219,2026-04-29,paid
RP584,T1000003219,2026-05-29,paid
RP585,T1000003219,2026-06-28,paid
RP586,T1000003265,2025-10-31,paid
RP587,T1000003265,2026-01-30,missed
RP588,T1000003265,2026-05-01,paid
RP589,T1000003290,2025-10-31,paid
RP590,T1000003290,2025-11-30,paid
RP591,T1000003290,2025-12-30,paid
RP592,T1000003290,2026-01-29,paid
RP593,T1000003290,2026-02-28,paid
RP594,T1000003290,2026-03-30,paid
RP595,T1000003290,2026-04-29,paid
RP596,T1000003290,2026-05-29,missed
RP597,T1000003290,2026-06-28,missed
RP598,T1000003361,2025-10-31,missed
RP599,T1000003361,2025-11-30,paid
RP600,T1000003361,2025-12-30,paid
RP601,T1000003361,2026-01-29,missed
RP602,T1000003361,2026-02-28,paid
RP603,T1000003361,2026-03-30,missed
RP604,T1000003361,2026-04-29,paid
RP605,T1000003361,2026-05-29,missed
RP606,T1000003361,2026-06-28,paid
RP607,T1000003400,2025-10-31,paid
RP608,T1000003400,2025-11-30,paid
RP609,T1000003400,2025-12-30,paid
RP610,T1000003400,2026-01-29,paid
RP611,T1000003400,2026-02-28,paid
RP612,T1000003400,2026-03-30,missed
RP613,T1000003400,2026-04-29,missed
RP614,T1000003400,2026-05-29,paid
RP615,T1000003400,2026-06-28,missed
RP616,T1000003443,2025-10-31,paid
RP617,T1000003443,2025-11-30,paid
RP618,T1000003443,2025-12-30,paid
RP619,T1000003443,2026-01-29,missed
RP620,T1000003443,2026-02-28,paid
RP621,T1000003443,2026-03-30,paid
RP622,T1000003443,2026-04-29,paid
RP623,T1000003443,2026-05-29,paid
RP624,T1000003443,2026-06-28,paid
RP625,T1000003481,2025-10-31,paid
RP626,T1000003481,2025-11-30,paid
RP627,T1000003481,2025-12-30,paid
RP628,T1000003481,2026-01-29,paid
RP629,T1000003481,2026-02-28,paid
RP630,T1000003481,2026-03-30,paid
RP631,T1000003481,2026-04-29,paid
RP632,T1000003481,2026-05-29,missed
RP633,T1000003481,2026-06-28,paid
RP634,T1000003487,2025-10-31,paid
RP635,T1000003487,2025-11-30,paid
RP636,T1000003487,2025-12-30,paid
RP637,T1000003487,2026-01-29,missed
RP638,T1000003487,2026-02-28,paid
RP639,T1000003487,2026-03-30,paid
RP640,T1000003487,2026-04-29,paid
RP641,T1000003487,2026-05-29,missed
RP642,T1000003487,2026-06-28,missed
RP643,T1000003610,2025-10-31,paid
RP644,T1000003610,2025-11-30,paid
RP645,T1000003610,2025-12-30,paid
RP646,T1000003610,2026-01-29,missed
RP647,T1000003610,2026-02-28,paid
RP648,T1000003610,2026-03-30,paid
RP649,T1000003610,2026-04-29,paid
RP650,T1000003610,2026-05-29,paid
RP651,T1000003610,2026-06-28,paid
RP652,T1000003612,2025-10-31,paid
RP653,T1000003612,2025-11-30,paid
RP654,T1000003612,2025-12-30,paid
RP655,T1000003612,2026-01-29,missed
RP656,T1000003612,2026-02-28,paid
RP657,T1000003612,2026-03-30,paid
RP658,T1000003612,2026-04-29,missed
RP659,T1000003612,2026-05-29,paid
RP660,T1000003612,2026-06-28,paid
RP661,T1000003613,2025-10-31,paid
RP662,T1000003613,2026-01-30,paid
RP663,T1000003613,2026-05-01,missed
RP664,T1000003648,2025-10-31,paid
RP665,T1000003648,2025-11-30,paid
RP666,T1000003648,2025-12-30,paid
RP667,T1000003648,2026-01-29,paid
RP668,T1000003648,2026-02-28,missed
RP669,T1000003648,2026-03-30,paid
RP670,T1000003648,2026-04-29,missed
RP671,T1000003648,2026-05-29,missed
RP672,T1000003648,2026-06-28,paid
RP673,T1000003771,2025-10-31,paid
RP674,T1000003771,2025-11-30,paid
RP675,T1000003771,2025-12-30,missed
RP676,T1000003771,2026-01-29,missed
RP677,T1000003771,2026-02-28,missed
RP678,T1000003771,2026-03-30,paid
RP679,T1000003771,2026-04-29,missed
RP680,T1000003771,2026-05-29,missed
RP681,T1000003771,2026-06-28,missed
RP682,T1000003772,2025-10-31,paid
RP683,T1000003772,2025-11-30,paid
RP684,T1000003772,2025-12-30,paid
RP685,T1000003772,2026-01-29,missed
RP686,T1000003772,2026-02-28,paid
RP687,T1000003772,2026-03-30,paid
RP688,T1000003772,2026-04-29,paid
RP689,T1000003772,2026-05-29,paid
RP690,T1000003772,2026-06-28,paid
RP691,T1000003775,2025-10-31,paid
RP692,T1000003775,2025-11-30,paid
RP693,T1000003775,2025-12-30,paid
RP694,T1000003775,2026-01-29,missed
RP695,T1000003775,2026-02-28,paid
RP696,T1000003775,2026-03-30,paid
RP697,T1000003775,2026-04-29,missed
RP698,T1000003775,2026-05-29,paid
RP699,T1000003775,2026-06-28,paid
RP700,T1000003781,2025-10-31,paid
RP701,T1000003781,2026-01-30,paid
RP702,T1000003781,2026-05-01,paid
RP703,T1000003787,2025-10-31,paid
RP704,T1000003787,2025-11-30,missed
RP705,T1000003787,2025-12-30,paid
RP706,T1000003787,2026-01-29,missed
RP707,T1000003787,2026-02-28,paid
RP708,T1000003787,2026-03-30,paid
RP709,T1000003787,2026-04-29,paid
RP710,T1000003787,2026-05-29,paid
RP711,T1000003787,2026-06-28,paid
RP712,T1000003812,2025-10-31,paid
RP713,T1000003812,2025-11-30,missed
RP714,T1000003812,2025-12-30,paid
RP715,T1000003812,2026-01-29,paid
RP716,T1000003812,2026-02-28,paid
RP717,T1000003812,2026-03-30,paid
RP718,T1000003812,2026-04-29,paid
RP719,T1000003812,2026-05-29,paid
RP720,T1000003812,2026-06-28,missed
RP721,T1000003897,2025-10-31,paid
RP722,T1000003897,2025-11-30,missed
RP723,T1000003897,2025-12-30,paid
RP724,T1000003897,2026-01-29,paid
RP725,T1000003897,2026-02-28,missed
RP726,T1000003897,2026-03-30,missed
RP727,T1000003897,2026-04-29,paid
RP728,T1000003897,2026-05-29,missed
RP729,T1000003897,2026-06-28,missed
RP730,T1000003947,2025-10-31,paid
RP731,T1000003947,2025-11-30,paid
RP732,T1000003947,2025-12-30,paid
RP733,T1000003947,2026-01-29,missed
RP734,T1000003947,2026-02-28,paid
RP735,T1000003947,2026-03-30,paid
RP736,T1000003947,2026-04-29,missed
RP737,T1000003947,2026-05-29,paid
RP738,T1000003947,2026-06-28,paid
RP739,T1000003948,2025-10-31,paid
RP740,T1000003948,2025-11-30,paid
RP741,T1000003948,2025-12-30,paid
RP742,T1000003948,2026-01-29,paid
RP743,T1000003948,2026-02-28,missed
RP744,T1000003948,2026-03-30,missed
RP745,T1000003948,2026-04-29,paid
RP746,T1000003948,2026-05-29,paid
RP747,T1000003948,2026-06-28,paid
RP748,T1000003950,2025-10-31,paid
RP749,T1000003950,2025-11-30,paid
RP750,T1000003950,2025-12-30,missed
RP751,T1000003950,2026-01-29,paid
RP752,T1000003950,2026-02-28,paid
RP753,T1000003950,2026-03-30,missed
RP754,T1000003950,2026-04-29,paid
RP755,T1000003950,2026-05-29,paid
RP756,T1000003950,2026-06-28,paid
RP757,T1000003972,2025-10-31,missed
RP758,T1000003972,2026-01-30,paid
RP759,T1000003972,2026-05-01,missed
RP760,T1000003985,2025-10-31,paid
RP761,T1000003985,2025-11-30,paid
RP762,T1000003985,2025-12-30,paid
RP763,T1000003985,2026-01-29,paid
RP764,T1000003985,2026-02-28,paid
RP765,T1000003985,2026-03-30,missed
RP766,T1000003985,2026-04-29,paid
RP767,T1000003985,2026-05-29,paid
RP768,T1000003985,2026-06-28,paid
RP769,T1000004059,2025-10-31,paid
RP770,T1000004059,2025-11-30,paid
RP771,T1000004059,2025-12-30,paid
RP772,T1000004059,2026-01-29,paid
RP773,T1000004059,2026-02-28,paid
RP774,T1000004059,2026-03-30,paid
RP775,T1000004059,2026-04-29,paid
RP776,T1000004059,2026-05-29,paid
RP777,T1000004059,2026-06-28,paid
RP778,T1000004099,2025-10-31,paid
RP779,T1000004099,2025-11-30,paid
RP780,T1000004099,2025-12-30,paid
RP781,T1000004099,2026-01-29,paid
RP782,T1000004099,2026-02-28,missed
RP783,T1000004099,2026-03-30,missed
RP784,T1000004099,2026-04-29,paid
RP785,T1000004099,2026-05-29,paid
RP786,T1000004099,2026-06-28,missed
RP787,T1000004134,2025-10-31,paid
RP788,T1000004134,2025-11-30,paid
RP789,T1000004134,2025-12-30,missed
RP790,T1000004134,2026-01-29,paid
RP791,T1000004134,2026-02-28,paid
RP792,T1000004134,2026-03-30,paid
RP793,T1000004134,2026-04-29,paid
RP794,T1000004134,2026-05-29,paid
RP795,T1000004134,2026-06-28,paid
RP796,T1000004152,2025-10-31,paid
RP797,T1000004152,2026-01-30,missed
RP798,T1000004152,2026-05-01,paid
RP799,T1000004262,2025-10-31,paid
RP800,T1000004262,2026-01-30,paid
RP801,T1000004262,2026-05-01,paid
RP802,T1000004308,2025-10-31,missed
RP803,T1000004308,2025-11-30,paid
RP804,T1000004308,2025-12-30,paid
RP805,T1000004308,2026-01-29,paid
RP806,T1000004308,2026-02-28,paid
RP807,T1000004308,2026-03-30,paid
RP808,T1000004308,2026-04-29,paid
RP809,T1000004308,2026-05-29,missed
RP810,T1000004308,2026-06-28,paid
RP811,T1000004311,2025-10-31,missed
RP812,T1000004311,2025-11-30,paid
RP813,T1000004311,2025-12-30,paid
RP814,T1000004311,2026-01-29,missed
RP815,T1000004311,2026-02-28,paid
RP816,T1000004311,2026-03-30,paid
RP817,T1000004311,2026-04-29,missed
RP818,T1000004311,2026-05-29,paid
RP819,T1000004311,2026-06-28,paid
RP820,T1000004401,2025-10-31,missed
RP821,T1000004401,2025-11-30,paid
RP822,T1000004401,2025-12-30,paid
RP823,T1000004401,2026-01-29,missed
RP824,T1000004401,2026-02-28,paid
RP825,T1000004401,2026-03-30,paid
RP826,T1000004401,2026-04-29,missed
RP827,T1000004401,2026-05-29,paid
RP828,T1000004401,2026-06-28,missed
RP829,T1000004423,2025-10-31,paid
RP830,T1000004423,2026-01-30,paid
RP831,T1000004423,2026-05-01,paid
RP832,T1000004455,2025-10-31,paid
RP833,T1000004455,2025-11-30,missed
RP834,T1000004455,2025-12-30,paid
RP835,T1000004455,2026-01-29,paid
RP836,T1000004455,2026-02-28,paid
RP837,T1000004455,2026-03-30,missed
RP838,T1000004455,2026-04-29,paid
RP839,T1000004455,2026-05-29,paid
RP840,T1000004455,2026-06-28,paid
RP841,T1000004475,2025-10-31,missed
RP842,T1000004475,2025-11-30,paid
RP843,T1000004475,2025-12-30,paid
RP844,T1000004475,2026-01-29,paid
RP845,T1000004475,2026-02-28,missed
RP846,T1000004475,2026-03-30,missed
RP847,T1000004475,2026-04-29,paid
RP848,T1000004475,2026-05-29,paid
RP849,T1000004475,2026-06-28,paid
RP850,T1000004494,2025-10-31,missed
RP851,T1000004494,2025-11-30,paid
RP852,T1000004494,2025-12-30,paid
RP853,T1000004494,2026-01-29,paid
RP854,T1000004494,2026-02-28,paid
RP855,T1000004494,2026-03-30,paid
RP856,T1000004494,2026-04-29,paid
RP857,T1000004494,2026-05-29,missed
RP858,T1000004494,2026-06-28,paid
RP859,T1000004529,2025-10-31,missed
RP860,T1000004529,2025-11-30,paid
RP861,T1000004529,2025-12-30,paid
RP862,T1000004529,2026-01-29,paid
RP863,T1000004529,2026-02-28,missed
RP864,T1000004529,2026-03-30,paid
RP865,T1000004529,2026-04-29,paid
RP866,T1000004529,2026-05-29,paid
RP867,T1000004529,2026-06-28,missed
RP868,T1000004567,2025-10-31,paid
RP869,T1000004567,2026-01-30,paid
RP870,T1000004567,2026-05-01,paid
