consent_id,policy_no,request_date,status,status_date
TAX1,T1000000001,2026-02-10,pending_signature,2026-02-10
TAX2,T1000000003,2026-01-29,pending_signature,2026-01-29
TAX3,T1000000006,2026-04-20,active,2026-04-28
TAX4,T1000000010,2025-12-05,active,2025-12-16
TAX5,T1000000011,2026-06-06,pending_signature,2026-06-06
TAX6,T1000000014,2026-02-26,active,2026-02-27
TAX7,T1000000019,2025-12-25,expired,2026-01-24
TAX8,T1000000020,2026-06-16,active,2026-06-18
TAX9,T1000000021,2025-10-22,active,2025-11-03
TAX10,T1000000025,2026-01-29,pending_signature,2026-01-29
TAX11,T1000000026,2026-04-03,active,2026-04-12
TAX12,T1000000027,2025-11-08,pending_signature,2025-11-08
TAX13,T1000000028,2025-11-05,pending_signature,2025-11-05
TAX14,T1000000033,2025-12-01,expired,2025-12-31
TAX15,T1000000037,2026-02-20,active,2026-02-21
TAX16,T1000000039,2025-09-30,active,2025-10-10
TAX17,T1000000040,2025-12-20,active,2025-12-27
TAX18,T1000000041,2025-12-26,pending_signature,2025-12-26
TAX19,T1000000042,2026-06-17,active,2026-06-24
TAX20,T1000000043,2025-12-27,active,2026-01-02
TAX21,T1000000047,2026-04-02,active,2026-04-08
TAX22,T1000000050,2025-11-11,active,2025-11-24
TAX23,T1000000060,2026-05-27,active,2026-06-01
TAX24,T1000000061,2026-05-06,active,2026-05-09
TAX25,T1000000065,2026-02-06,pending_signature,2026-02-06
TAX26,T1000000066,2026-01-15,active,2026-01-27
TAX27,T1000000069,2025-11-02,pending_signature,2025-11-02
TAX28,T1000000070,2025-11-04,active,2025-11-14
TAX29,T1000000075,2025-12-04,pending_signature,2025-12-04
TAX30,T1000000080,2026-05-06,active,2026-05-14
TAX31,T1000000093,2026-06-26,expired,2026-07-26
TAX32,T1000000094,2026-05-16,pending_signature,2026-05-16
TAX33,T1000000096,2026-02-25,active,2026-03-08
TAX34,T1000000098,2025-12-21,pending_signature,2025-12-21
TAX35,T1000000100,2026-06-02,expired,2026-07-02
TAX36,T1000000103,2026-03-15,active,2026-03-27
TAX37,T1000000109,2026-03-10,active,2026-03-22
TAX38,T1000000110,2026-02-05,pending_signature,2026-02-05
TAX39,T1000000111,2026-05-04,expired,2026-06-03
TAX40,T1000000112,2025-10-09,pending_signature,2025-10-09
TAX41,T1000000113,2026-04-27,expired,2026-05-27
TAX42,T1000000119,2025-12-05,pending_signature,2025-12-05
TAX43,T1000000122,2026-05-24,pending_signature,2026-05-24
TAX44,T1000000128,2026-06-09,active,2026-06-13
TAX45,T1000000130,2025-11-25,active,2025-12-08
TAX46,T1000000133,2026-03-09,pending_signature,2026-03-09
TAX47,T1000000134,2026-05-31,active,2026-06-01
TAX48,T1000000137,2026-06-14,active,2026-06-25
TAX49,T1000000138,2026-02-05,active,2026-02-09
TAX50,T1000000139,2025-11-22,pending_signature,2025-11-22
TAX51,T1000000145,2025-11-10,expired,2025-12-10
TAX52,T1000000146,2026-02-18,pending_signature,2026-02-18
TAX53,T1000000152,2026-01-14,expired,2026-02-13
TAX54,T1000000153,2026-01-27,expired,2026-02-26
TAX55,T1000000154,2026-06-11,expired,2026-07-11
TAX56,T1000000156,2026-03-04,active,2026-03-07
TAX57,T1000000159,2025-11-28,active,2025-12-07
TAX58,T1000000161,2026-02-09,active,2026-02-19
TAX59,T1000000166,2025-11-16,active,2025-11-23
TAX60,T1000000168,2026-01-15,pending_signature,2026-01-15
TAX61,T1000000170,2026-05-18,active,2026-05-22
TAX62,T1000000172,2026-01-30,active,2026-02-03
TAX63,T1000000173,2026-04-23,active,2026-04-24
TAX64,T1000000179,2025-12-02,pending_signature,2025-12-02
TAX65,T1000000186,2026-03-08,active,2026-03-14
TAX66,T1000000190,2026-04-16,pending_signature,2026-04-16
TAX67,T1000000195,2026-05-20,active,2026-05-28
TAX68,T1000000198,2026-01-24,active,2026-01-28
TAX69,T1000000203,2026-01-10,active,2026-01-17
TAX70,T1000000221,2026-05-11,pending_signature,2026-05-11
TAX71,T1000000227,2026-01-08,pending_signature,2026-01-08
TAX72,T1000000228,2025-10-11,active,2025-10-13
TAX73,T1000000234,2026-05-01,active,2026-05-13
TAX74,T1000000236,2026-02-08,pending_signature,2026-02-08
TAX75,T1000000238,2025-11-18,expired,2025-12-18
TAX76,T1000000247,2026-01-21,pending_signature,2026-01-21
TAX77,T1000000258,2026-03-13,expired,2026-04-12
TAX78,T1000000260,2025-11-06,active,2025-11-09
TAX79,T1000000264,2026-04-08,pending_signature,2026-04-08
TAX80,T1000000266,2025-12-04,active,2025-12-17
TAX81,T1000000267,2026-05-20,active,2026-05-28
TAX82,T1000000269,2026-03-12,active,2026-03-21
TAX83,T1000000270,2025-10-14,active,2025-10-27
TAX84,T1000000273,2025-10-11,pending_signature,2025-10-11
TAX85,T1000000274,2025-11-24,active,2025-11-28
TAX86,T1000000275,2025-10-13,active,2025-10-23
TAX87,T1000000280,2026-01-23,pending_signature,2026-01-23
TAX88,T1000000285,2026-03-26,active,2026-04-02
TAX89,T1000000295,2025-09-30,pending_signature,2025-09-30
TAX90,T1000000313,2026-03-24,active,2026-03-29
TAX91,T1000000317,2025-10-14,pending_signature,2025-10-14
TAX92,T1000000322,2026-04-20,pending_signature,2026-04-20
TAX93,T1000000324,2026-04-23,active,2026-05-03
TAX94,T1000000327,2026-02-15,active,2026-02-26
TAX95,T1000000328,2026-06-24,active,2026-06-28
TAX96,T1000000333,2025-10-25,active,2025-10-28
TAX97,T1000000334,2026-06-12,pending_signature,2026-06-12
TAX98,T1000000338,2026-03-16,active,2026-03-27
TAX99,T1000000340,2026-02-05,active,2026-02-06
TAX100,T1000000341,2026-01-07,active,2026-01-09
TAX101,T1000000353,2025-10-21,active,2025-10-30
TAX102,T1000000354,2026-02-18,active,2026-02-22
TAX103,T1000000355,2026-05-26,pending_signature,2026-05-26
TAX104,T1000000366,2026-06-24,active,2026-06-26
TAX105,T1000000368,2026-06-07,expired,2026-07-07
TAX106,T1000000370,2025-10-14,active,2025-10-16
TAX107,T1000000371,2026-06-20,expired,2026-07-20
TAX108,T1000000379,2026-05-11,expired,2026-06-10
TAX109,T1000000389,2025-12-05,active,2025-12-13
TAX110,T1000000391,2025-12-29,expired,2026-01-28
TAX111,T1000000402,2025-10-13,pending_signature,2025-10-13
TAX112,T1000000405,2026-03-10,active,2026-03-14
TAX113,T1000000412,2026-02-19,pending_signature,2026-02-19
TAX114,T1000000413,2025-12-16,expired,2026-01-15
TAX115,T1000000420,2025-12-20,pending_signature,2025-12-20
TAX116,T1000000431,2026-02-25,pending_signature,2026-02-25
TAX117,T1000000433,2025-12-11,active,2025-12-21
TAX118,T1000000442,2026-04-22,pending_signature,2026-04-22
TAX119,T1000000444,2026-02-06,active,2026-02-08
TAX120,T1000000449,2025-10-24,pending_signature,2025-10-24
TAX121,T1000000454,2026-03-25,active,2026-04-06
TAX122,T1000000456,2026-01-26,active,2026-01-30
TAX123,T1000000457,2026-04-03,active,2026-04-09
TAX124,T1000000458,2026-01-05,active,2026-01-13
TAX125,T1000000460,2026-06-10,active,2026-06-20
TAX126,T1000000462,2026-02-10,active,2026-02-14
TAX127,T1000000465,2025-10-08,pending_signature,2025-10-08
TAX128,T1000000467,2026-01-14,active,2026-01-17
TAX129,T1000000468,2026-03-16,expired,2026-04-15
TAX130,T1000000469,2026-03-18,active,2026-03-29
TAX131,T1000000473,2025-10-20,active,2025-11-02
TAX132,T1000000477,2025-11-05,active,2025-11-11
TAX133,T1000000481,2026-02-07,active,2026-02-15
TAX134,T1000000486,2026-05-03,active,2026-05-07
TAX135,T1000000489,2026-04-24,pending_signature,2026-04-24
TAX136,T1000000491,2025-12-21,active,2025-12-26
TAX137,T1000000496,2025-12-19,pending_signature,2025-12-19
TAX138,T1000000498,2025-10-05,pending_signature,2025-10-05
TAX139,T1000000502,2026-05-21,active,2026-05-23
TAX140,T1000000507,2026-02-02,active,2026-02-12
TAX141,T1000000509,2025-11-28,active,2025-12-09
TAX142,T1000000511,2025-11-25,active,2025-12-02
TAX143,T1000000514,2026-03-24,active,2026-03-28
TAX144,T1000000515,2025-12-31,active,2026-01-12
TAX145,T1000000516,2026-02-16,active,2026-02-19
TAX146,T1000000520,2025-10-03,active,2025-10-06
TAX147,T1000000522,2025-12-30,pending_signature,2025-12-30
TAX148,T1000000526,2025-11-29,expired,2025-12-29
TAX149,T1000000528,2025-10-02,active,2025-10-11
TAX150,T1000000532,2026-06-19,active,2026-06-30
TAX151,T1000000533,2026-02-12,active,2026-02-17
TAX152,T1000000539,2026-04-17,active,2026-04-29
TAX153,T1000000543,2025-10-05,pending_signature,2025-10-05
TAX154,T1000000545,2026-06-14,pending_signature,2026-06-14
TAX155,T1000000546,2025-11-20,active,2025-11-27
TAX156,T1000000547,2026-06-12,pending_signature,2026-06-12
TAX157,T1000000551,2026-02-10,active,2026-02-15
TAX158,T1000000552,2025-12-13,active,2025-12-16
TAX159,T1000000557,2025-12-09,pending_signature,2025-12-09
TAX160,T1000000558,2025-12-16,active,2025-12-25
TAX161,T1000000571,2026-06-20,pending_signature,2026-06-20
TAX162,T1000000573,2025-11-28,active,2025-12-04
TAX163,T1000000574,2026-03-02,active,2026-03-04
TAX164,T1000000577,2026-03-14,active,2026-03-23
TAX165,T1000000578,2026-02-02,pending_signature,2026-02-02
TAX166,T1000000582,2026-01-05,active,2026-01-15
TAX167,T1000000583,2025-12-18,active,2025-12-20
TAX168,T1000000585,2026-01-26,pending_signature,2026-01-26
TAX169,T1000000588,2026-03-14,pending_signature,2026-03-14
TAX170,T1000000594,2025-12-06,pending_signature,2025-12-06
TAX171,T1000000597,2026-01-31,active,2026-02-12
TAX172,T1000000598,2025-11-28,active,2025-12-07
TAX173,T1000000602,2026-04-11,pending_signature,2026-04-11
TAX174,T1000000609,2025-12-10,active,2025-12-20
TAX175,T1000000612,2026-01-26,active,2026-02-02
TAX176,T1000000614,2026-02-23,active,2026-03-04
TAX177,T1000000616,2026-01-04,active,2026-01-09
TAX178,T1000000617,2025-11-18,active,2025-11-19
TAX179,T1000000619,2026-05-31,active,2026-06-07
TAX180,T1000000620,2026-04-26,expired,2026-05-26
TAX181,T1000000621,2026-01-09,active,2026-01-14
TAX182,T1000000625,2026-01-16,active,2026-01-25
TAX183,T1000000626,2026-01-07,active,2026-01-19
TAX184,T1000000627,2026-05-05,pending_signature,2026-05-05
TAX185,T1000000629,2026-01-06,active,2026-01-16
TAX186,T1000000630,2026-01-26,active,2026-02-03
TAX187,T1000000634,2025-11-21,pending_signature,2025-11-21
TAX188,T1000000641,2026-04-02,active,2026-04-14
TAX189,T1000000648,2026-04-29,pending_signature,2026-04-29
TAX190,T1000000649,2025-10-21,pending_signature,2025-10-21
TAX191,T1000000651,2026-04-18,pending_signature,2026-04-18
TAX192,T1000000652,2026-03-25,pending_signature,2026-03-25
TAX193,T1000000653,2026-03-03,active,2026-03-10
TAX194,T1000000654,2026-02-21,expired,2026-03-23
TAX195,T1000000655,2026-03-01,active,2026-03-05
TAX196,T1000000657,2025-10-28,active,2025-11-05
TAX197,T1000000665,2025-10-28,expired,2025-11-27
TAX198,T1000000668,2025-11-26,active,2025-12-05
TAX199,T1000000671,2025-12-05,pending_signature,2025-12-05
TAX200,T1000000676,2026-01-25,active,2026-02-05
TAX201,T1000000683,2025-12-21,pending_signature,2025-12-21
TAX202,T1000000690,2025-12-23,active,2025-12-28
TAX203,T1000000691,2025-10-16,active,2025-10-17
TAX204,T1000000692,2026-05-31,pending_signature,2026-05-31
TAX205,T1000000697,2026-03-31,expired,2026-04-30
TAX206,T1000000698,2026-02-04,active,2026-02-06
TAX207,T1000000700,2025-10-10,active,2025-10-17
TAX208,T1000000701,2026-04-28,active,2026-05-09
TAX209,T1000000704,2026-01-02,active,2026-01-13
TAX210,T1000000711,2026-04-13,active,2026-04-19
TAX211,T1000000717,2026-02-25,active,2026-03-05
TAX212,T1000000718,2026-01-24,active,2026-01-26
TAX213,T1000000720,2026-06-02,pending_signature,2026-06-02
TAX214,T1000000722,2026-03-30,active,2026-04-07
TAX215,T1000000723,2026-03-04,active,2026-03-05
TAX216,T1000000727,2025-12-19,active,2025-12-22
TAX217,T1000000728,2026-01-18,active,2026-01-20
TAX218,T1000000729,2025-12-01,active,2025-12-12
TAX219,T1000000730,2026-05-03,active,2026-05-04
TAX220,T1000000732,2026-05-15,expired,2026-06-14
TAX221,T1000000734,2026-06-11,active,2026-06-18
TAX222,T1000000739,2026-01-24,active,2026-02-06
TAX223,T1000000741,2026-06-04,active,2026-06-16
TAX224,T1000000745,2026-02-28,active,2026-03-09
TAX225,T1000000747,2025-10-23,active,2025-10-30
TAX226,T1000000751,2026-03-02,active,2026-03-07
TAX227,T1000000753,2025-11-16,active,2025-11-20
TAX228,T1000000757,2026-06-19,expired,2026-07-19
TAX229,T1000000760,2026-05-08,pending_signature,2026-05-08
TAX230,T1000000766,2026-01-14,pending_signature,2026-01-14
TAX231,T1000000767,2026-05-20,pending_signature,2026-05-20
TAX232,T1000000770,2026-06-13,active,2026-06-20
TAX233,T1000000773,2026-06-24,pending_signature,2026-07-04
TAX234,T1000000774,2025-11-05,active,2025-11-15
TAX235,T1000000780,2026-06-18,pending_signature,2026-06-18
TAX236,T1000000789,2025-12-17,active,2025-12-25
TAX237,T1000000800,2026-04-11,active,2026-04-21
TAX238,T1000000802,2026-04-05,expired,2026-05-05
TAX239,T1000000809,2025-10-26,active,2025-11-01
TAX240,T1000000813,2026-05-29,active,2026-06-05
TAX241,T1000000826,2026-04-23,active,2026-04-28
TAX242,T1000000828,2025-11-09,active,2025-11-21
TAX243,T1000000829,2025-10-10,expired,2025-11-09
TAX244,T1000000832,2026-06-08,expired,2026-07-08
TAX245,T1000000834,2026-03-25,active,2026-03-26
TAX246,T1000000835,2026-05-04,active,2026-05-11
TAX247,T1000000841,2025-11-05,expired,2025-12-05
TAX248,T1000000842,2026-06-10,pending_signature,2026-06-10
TAX249,T1000000845,2025-11-17,expired,2025-12-17
TAX250,T1000000849,2025-11-05,expired,2025-12-05
TAX251,T1000000851,2025-10-10,active,2025-10-14
TAX252,T1000000855,2026-03-16,pending_signature,2026-03-16
TAX253,T1000000856,2026-04-29,expired,2026-05-29
TAX254,T1000000858,2026-03-31,expired,2026-04-30
TAX255,T1000000859,2025-10-23,pending_signature,2025-10-23
TAX256,T1000000869,2025-12-07,active,2025-12-13
TAX257,T1000000875,2025-10-31,active,2025-11-09
TAX258,T1000000877,2025-10-13,active,2025-10-17
TAX259,T1000000885,2025-10-01,active,2025-10-11
TAX260,T1000000892,2026-06-27,expired,2026-07-27
TAX261,T1000000896,2025-11-11,expired,2025-12-11
TAX262,T1000000899,2026-03-12,active,2026-03-21
TAX263,T1000000909,2026-02-08,active,2026-02-10
TAX264,T1000000913,2025-10-09,active,2025-10-17
TAX265,T1000000915,2026-02-20,active,2026-03-03
TAX266,T1000000916,2026-02-15,active,2026-02-26
TAX267,T1000000918,2026-04-12,expired,2026-05-12
TAX268,T1000000921,2025-10-24,active,2025-11-04
TAX269,T1000000922,2026-05-03,expired,2026-06-02
TAX270,T1000000927,2025-12-16,active,2025-12-26
TAX271,T1000000928,2025-10-31,active,2025-11-05
TAX272,T1000000929,2026-02-23,active,2026-03-07
TAX273,T1000000932,2025-11-22,active,2025-12-05
TAX274,T1000000939,2026-02-28,pending_signature,2026-02-28
TAX275,T1000000941,2026-02-13,active,2026-02-26
TAX276,T1000000942,2026-02-13,active,2026-02-23
TAX277,T1000000946,2026-04-22,active,2026-04-30
TAX278,T1000000948,2026-05-02,active,2026-05-09
TAX279,T1000000953,2026-03-11,active,2026-03-24
TAX280,T1000000956,2026-02-16,pending_signature,2026-02-16
TAX281,T1000000957,2026-05-12,active,2026-05-22
TAX282,T1000000963,2026-04-10,active,2026-04-19
TAX283,T1000000970,2026-03-20,active,2026-04-02
TAX284,T1000000974,2026-05-02,active,2026-05-03
TAX285,T1000000975,2026-06-25,active,2026-06-28
TAX286,T1000000976,2026-06-10,active,2026-06-14
TAX287,T1000000980,2025-12-18,pending_signature,2025-12-18
TAX288,T1000000986,2026-02-06,active,2026-02-18
TAX289,T1000000993,2026-05-28,active,2026-05-29
TAX290,T1000000997,2025-10-23,active,2025-11-03
TAX291,T1000001000,2026-01-24,active,2026-02-03
TAX292,T1000001001,2026-02-26,pending_signature,2026-02-26
TAX293,T1000001002,2025-10-08,active,2025-10-09
TAX294,T1000001003,2026-02-09,expired,2026-03-11
TAX295,T1000001004,2026-03-22,active,2026-03-25
TAX296,T1000001006,2025-11-21,active,2025-11-24
TAX297,T1000001011,2025-10-01,active,2025-10-07
TAX298,T1000001013,2026-05-09,pending_signature,2026-05-09
TAX299,T1000001017,2025-12-20,active,2025-12-22
TAX300,T1000001020,2026-03-21,active,2026-03-29
TAX301,T1000001021,2026-01-14,active,2026-01-16
TAX302,T1000001022,2026-01-01,active,2026-01-13
TAX303,T1000001031,2026-05-28,active,2026-06-01
TAX304,T1000001032,2026-04-04,pending_signature,2026-04-04
TAX305,T1000001036,2026-03-12,active,2026-03-15
TAX306,T1000001037,2026-01-25,active,2026-02-06
TAX307,T1000001043,2026-02-09,active,2026-02-15
TAX308,T1000001048,2026-02-25,active,2026-03-03
TAX309,T1000001052,2026-06-09,active,2026-06-21
TAX310,T1000001067,2025-12-17,active,2025-12-28
TAX311,T1000001069,2025-10-31,pending_signature,2025-10-31
TAX312,T1000001074,2026-02-21,pending_signature,2026-02-21
TAX313,T1000001075,2025-10-10,active,2025-10-22
TAX314,T1000001085,2026-02-03,pending_signature,2026-02-03
TAX315,T1000001088,2026-02-09,active,2026-02-16
TAX316,T1000001112,2025-11-26,active,2025-12-01
TAX317,T1000001123,2025-12-28,active,2026-01-09
TAX318,T1000001126,2025-11-18,active,2025-12-01
TAX319,T1000001129,2025-11-29,expired,2025-12-29
TAX320,T1000001130,2025-10-31,active,2025-11-08
TAX321,T1000001131,2026-05-29,active,2026-06-09
TAX322,T1000001132,2026-03-26,pending_signature,2026-03-26
TAX323,T1000001136,2025-11-19,expired,2025-12-19
TAX324,T1000001140,2026-04-04,expired,2026-05-04
TAX325,T1000001146,2025-10-20,active,2025-10-22
TAX326,T1000001148,2026-02-09,active,2026-02-11
TAX327,T1000001150,2025-12-10,active,2025-12-20
TAX328,T1000001152,2026-06-20,pending_signature,2026-06-20
TAX329,T1000001153,2026-03-05,pending_signature,2026-03-05
TAX330,T1000001156,2026-06-12,pending_signature,2026-06-12
TAX331,T1000001162,2025-12-19,expired,2026-01-18
TAX332,T1000001168,2025-10-08,pending_signature,2025-10-08
TAX333,T1000001177,2026-02-22,pending_signature,2026-02-22
TAX334,T1000001180,2026-03-10,pending_signature,2026-03-10
TAX335,T1000001181,2025-10-06,active,2025-10-07
TAX336,T1000001187,2026-03-21,active,2026-04-03
TAX337,T1000001190,2026-06-18,pending_signature,2026-06-18
TAX338,T1000001196,2025-10-28,active,2025-10-30
TAX339,T1000001197,2026-05-12,active,2026-05-25
TAX340,T1000001198,2026-06-26,pending_signature,2026-06-26
TAX341,T1000001199,2025-10-07,active,2025-10-16
TAX342,T1000001200,2026-03-27,active,2026-03-28
TAX343,T1000001201,2026-03-18,pending_signature,2026-03-18
TAX344,T1000001202,2026-04-21,active,2026-04-23
TAX345,T1000001203,2026-02-27,active,2026-03-08
TAX346,T1000001210,2026-04-17,pending_signature,2026-04-17
TAX347,T1000001211,2026-05-07,pending_signature,2026-05-07
TAX348,T1000001213,2026-01-28,active,2026-02-09
TAX349,T1000001218,2026-02-19,pending_signature,2026-02-19
TAX350,T1000001219,2026-02-03,active,2026-02-05
TAX351,T1000001224,2026-03-31,pending_signature,2026-03-31
TAX352,T1000001225,2026-03-24,pending_signature,2026-03-24
TAX353,T1000001228,2026-03-25,active,2026-03-28
TAX354,T1000001230,2026-04-13,expired,2026-05-13
TAX355,T1000001238,2026-01-18,pending_signature,2026-01-18
TAX356,T1000001240,2026-04-30,active,2026-05-07
TAX357,T1000001241,2026-05-20,active,2026-05-25
TAX358,T1000001242,2025-12-01,active,2025-12-11
TAX359,T1000001244,2025-12-28,active,2025-12-30
TAX360,T1000001247,2026-05-24,active,2026-06-03
TAX361,T1000001250,2026-02-15,active,2026-02-26
TAX362,T1000001251,2025-10-18,expired,2025-11-17
TAX363,T1000001252,2025-10-18,active,2025-10-24
TAX364,T1000001266,2025-10-11,active,2025-10-23
TAX365,T1000001276,2025-11-09,active,2025-11-11
TAX366,T1000001283,2026-03-31,active,2026-04-02
TAX367,T1000001285,2026-06-19,pending_signature,2026-06-19
TAX368,T1000001296,2025-11-12,pending_signature,2025-11-12
TAX369,T1000001297,2026-05-25,active,2026-05-29
TAX370,T1000001299,2026-04-04,active,2026-04-14
TAX371,T1000001307,2026-05-07,active,2026-05-08
TAX372,T1000001316,2025-11-05,pending_signature,2025-11-05
TAX373,T1000001320,2026-05-03,expired,2026-06-02
TAX374,T1000001327,2025-11-23,active,2025-12-03
TAX375,T1000001330,2026-03-28,pending_signature,2026-03-28
TAX376,T1000001332,2025-10-03,pending_signature,2025-10-03
TAX377,T1000001334,2025-12-16,expired,2026-01-15
TAX378,T1000001339,2026-02-11,active,2026-02-24
TAX379,T1000001341,2026-06-26,active,2026-06-28
TAX380,T1000001345,2025-12-19,active,2025-12-20
TAX381,T1000001348,2026-02-17,active,2026-02-22
TAX382,T1000001351,2026-05-08,expired,2026-06-07
TAX383,T1000001354,2025-10-19,pending_signature,2025-10-19
TAX384,T1000001367,2025-10-28,active,2025-11-02
TAX385,T1000001368,2025-12-19,active,2025-12-26
TAX386,T1000001369,2026-02-22,active,2026-02-26
TAX387,T1000001373,2026-06-26,pending_signature,2026-06-26
TAX388,T1000001380,2026-01-31,active,2026-02-06
TAX389,T1000001384,2026-02-13,active,2026-02-23
TAX390,T1000001387,2025-11-27,active,2025-12-09
TAX391,T1000001390,2026-02-21,pending_signature,2026-02-21
TAX392,T1000001393,2025-12-19,pending_signature,2025-12-19
TAX393,T1000001395,2025-11-18,active,2025-11-24
TAX394,T1000001399,2025-10-08,active,2025-10-12
TAX395,T1000001416,2026-02-18,pending_signature,2026-02-18
TAX396,T1000001417,2026-03-16,active,2026-03-28
TAX397,T1000001419,2026-04-12,active,2026-04-23
TAX398,T1000001425,2026-03-04,active,2026-03-13
TAX399,T1000001426,2025-12-12,active,2025-12-21
TAX400,T1000001428,2026-02-24,pending_signature,2026-02-24
TAX401,T1000001431,2026-01-10,active,2026-01-13
TAX402,T1000001433,2025-10-24,pending_signature,2025-10-24
TAX403,T1000001437,2026-01-16,pending_signature,2026-01-16
TAX404,T1000001438,2026-03-02,expired,2026-04-01
TAX405,T1000001441,2026-04-04,pending_signature,2026-04-04
TAX406,T1000001451,2025-11-22,active,2025-11-29
TAX407,T1000001454,2025-12-03,pending_signature,2025-12-03
TAX408,T1000001456,2026-06-01,expired,2026-07-01
TAX409,T1000001457,2026-02-16,active,2026-02-22
TAX410,T1000001458,2025-11-16,active,2025-11-21
TAX411,T1000001459,2026-05-02,active,2026-05-07
TAX412,T1000001461,2026-01-24,pending_signature,2026-01-24
TAX413,T1000001462,2025-12-11,pending_signature,2025-12-11
TAX414,T1000001464,2026-02-21,pending_signature,2026-02-21
TAX415,T1000001465,2025-10-30,active,2025-11-12
TAX416,T1000001467,2025-10-10,pending_signature,2025-10-10
TAX417,T1000001475,2026-03-12,active,2026-03-21
TAX418,T1000001478,2026-06-18,pending_signature,2026-06-18
TAX419,T1000001483,2026-06-08,expired,2026-07-08
TAX420,T1000001485,2025-11-29,active,2025-12-02
TAX421,T1000001491,2025-12-07,active,2025-12-09
TAX422,T1000001492,2025-10-30,active,2025-11-10
TAX423,T1000001494,2026-06-10,expired,2026-07-10
TAX424,T1000001500,2026-03-31,active,2026-04-09
TAX425,T1000001503,2025-12-25,active,2026-01-04
TAX426,T1000001505,2026-05-15,active,2026-05-28
TAX427,T1000001509,2026-04-21,active,2026-04-22
TAX428,T1000001511,2025-10-16,pending_signature,2025-10-16
TAX429,T1000001512,2026-05-16,active,2026-05-23
TAX430,T1000001514,2025-10-26,active,2025-10-31
TAX431,T1000001517,2026-03-01,active,2026-03-14
TAX432,T1000001518,2026-05-13,pending_signature,2026-05-13
TAX433,T1000001522,2025-11-13,active,2025-11-20
TAX434,T1000001529,2026-02-11,pending_signature,2026-02-11
TAX435,T1000001535,2026-02-21,expired,2026-03-23
TAX436,T1000001539,2026-05-29,pending_signature,2026-05-29
TAX437,T1000001560,2025-12-03,active,2025-12-14
TAX438,T1000001566,2025-10-14,pending_signature,2025-10-14
TAX439,T1000001569,2026-02-25,active,2026-03-05
TAX440,T1000001570,2026-05-10,active,2026-05-19
TAX441,T1000001573,2026-05-19,active,2026-05-25
TAX442,T1000001577,2025-12-07,expired,2026-01-06
TAX443,T1000001578,2026-05-30,expired,2026-06-29
TAX444,T1000001590,2025-12-18,active,2025-12-27
TAX445,T1000001591,2026-01-08,pending_signature,2026-01-08
TAX446,T1000001596,2026-03-22,expired,2026-04-21
TAX447,T1000001599,2026-04-23,active,2026-05-01
TAX448,T1000001603,2025-10-24,active,2025-10-30
TAX449,T1000001608,2025-11-11,expired,2025-12-11
TAX450,T1000001610,2026-05-12,active,2026-05-23
TAX451,T1000001613,2025-12-06,pending_signature,2025-12-06
TAX452,T1000001619,2025-11-26,active,2025-12-02
TAX453,T1000001620,2026-01-24,active,2026-01-26
TAX454,T1000001621,2025-12-13,active,2025-12-18
TAX455,T1000001623,2025-10-09,active,2025-10-22
TAX456,T1000001624,2025-10-24,active,2025-11-04
TAX457,T1000001627,2025-10-29,active,2025-11-11
TAX458,T1000001630,2026-01-17,pending_signature,2026-01-17
TAX459,T1000001633,2026-01-16,active,2026-01-24
TAX460,T1000001634,2025-12-22,active,2025-12-28
TAX461,T1000001639,2025-11-02,active,2025-11-03
TAX462,T1000001641,2025-10-29,active,2025-11-08
TAX463,T1000001646,2025-12-31,pending_signature,2025-12-31
TAX464,T1000001654,2026-01-24,active,2026-01-31
TAX465,T1000001656,2026-03-07,pending_signature,2026-03-07
TAX466,T1000001660,2026-01-27,active,2026-02-03
TAX467,T1000001664,2026-01-23,active,2026-01-29
TAX468,T1000001666,2026-04-06,pending_signature,2026-04-06
TAX469,T1000001668,2026-03-09,active,2026-03-18
TAX470,T1000001670,2026-03-14,pending_signature,2026-03-14
TAX471,T1000001673,2026-01-05,expired,2026-02-04
TAX472,T1000001674,2026-02-01,expired,2026-03-03
TAX473,T1000001675,2025-11-03,active,2025-11-11
TAX474,T1000001677,2025-11-05,pending_signature,2025-11-05
TAX475,T1000001679,2025-10-29,expired,2025-11-28
TAX476,T1000001691,2026-01-27,active,2026-02-03
TAX477,T1000001694,2026-03-26,active,2026-04-05
TAX478,T1000001695,2026-01-22,pending_signature,2026-01-22
TAX479,T1000001699,2026-02-01,active,2026-02-03
TAX480,T1000001701,2026-03-12,active,2026-03-25
TAX481,T1000001704,2026-05-04,pending_signature,2026-05-04
TAX482,T1000001707,2026-03-12,pending_signature,2026-03-12
TAX483,T1000001708,2026-02-26,pending_signature,2026-02-26
TAX484,T1000001720,2025-11-10,active,2025-11-13
TAX485,T1000001721,2026-02-25,pending_signature,2026-02-25
TAX486,T1000001724,2026-04-30,pending_signature,2026-04-30
TAX487,T1000001725,2026-05-03,active,2026-05-05
TAX488,T1000001727,2026-02-07,pending_signature,2026-02-07
TAX489,T1000001731,2026-02-15,active,2026-02-16
TAX490,T1000001732,2025-10-21,active,2025-10-23
TAX491,T1000001735,2026-01-13,pending_signature,2026-01-13
TAX492,T1000001742,2026-04-24,pending_signature,2026-04-24
TAX493,T1000001743,2026-03-31,pending_signature,2026-03-31
TAX494,T1000001744,2025-11-05,pending_signature,2025-11-05
TAX495,T1000001748,2026-03-21,active,2026-03-22
TAX496,T1000001762,2026-03-29,pending_signature,2026-03-29
TAX497,T1000001763,2026-02-13,pending_signature,2026-02-13
TAX498,T1000001765,2025-12-17,active,2025-12-18
TAX499,T1000001767,2025-11-21,active,2025-12-02
TAX500,T1000001769,2025-12-22,active,2026-01-02
TAX501,T1000001782,2026-02-08,active,2026-02-21
TAX502,T1000001783,2026-04-20,active,2026-04-27
TAX503,T1000001786,2026-05-19,pending_signature,2026-05-19
TAX504,T1000001788,2026-05-03,expired,2026-06-02
TAX505,T1000001790,2026-02-20,pending_signature,2026-02-20
TAX506,T1000001791,2026-01-23,active,2026-02-02
TAX507,T1000001794,2025-12-21,expired,2026-01-20
TAX508,T1000001797,2026-06-22,active,2026-06-26
TAX509,T1000001802,2026-02-03,pending_signature,2026-02-03
TAX510,T1000001803,2026-03-08,active,2026-03-11
TAX511,T1000001805,2026-05-10,expired,2026-06-09
TAX512,T1000001806,2025-12-13,expired,2026-01-12
TAX513,T1000001807,2026-02-16,active,2026-03-01
TAX514,T1000001808,2026-04-02,expired,2026-05-02
TAX515,T1000001810,2025-12-17,pending_signature,2025-12-17
TAX516,T1000001811,2026-02-01,pending_signature,2026-02-01
TAX517,T1000001814,2026-05-01,expired,2026-05-31
TAX518,T1000001815,2025-12-09,active,2025-12-12
TAX519,T1000001819,2025-10-12,active,2025-10-19
TAX520,T1000001822,2026-05-05,pending_signature,2026-05-05
TAX521,T1000001825,2026-05-27,active,2026-06-05
TAX522,T1000001827,2026-04-07,pending_signature,2026-04-07
TAX523,T1000001829,2026-04-27,active,2026-05-04
TAX524,T1000001830,2026-01-28,active,2026-02-03
TAX525,T1000001831,2026-04-11,active,2026-04-19
TAX526,T1000001838,2026-04-03,expired,2026-05-03
TAX527,T1000001840,2025-10-10,expired,2025-11-09
TAX528,T1000001854,2026-01-24,active,2026-02-02
TAX529,T1000001856,2025-12-24,active,2025-12-27
TAX530,T1000001858,2026-04-16,pending_signature,2026-04-16
TAX531,T1000001860,2025-11-03,expired,2025-12-03
TAX532,T1000001872,2025-11-04,active,2025-11-14
TAX533,T1000001876,2026-03-25,expired,2026-04-24
TAX534,T1000001878,2026-05-16,expired,2026-06-15
TAX535,T1000001879,2026-02-14,pending_signature,2026-02-14
TAX536,T1000001880,2026-05-05,active,2026-05-10
TAX537,T1000001881,2026-03-19,expired,2026-04-18
TAX538,T1000001883,2026-03-23,expired,2026-04-22
TAX539,T1000001885,2025-12-24,pending_signature,2025-12-24
TAX540,T1000001887,2025-11-12,expired,2025-12-12
TAX541,T1000001888,2026-05-28,active,2026-06-01
TAX542,T1000001890,2025-10-23,active,2025-11-02
TAX543,T1000001891,2026-02-13,active,2026-02-16
TAX544,T1000001902,2025-10-24,expired,2025-11-23
TAX545,T1000001905,2026-03-10,active,2026-03-20
TAX546,T1000001909,2026-02-10,active,2026-02-11
TAX547,T1000001912,2026-04-24,pending_signature,2026-04-24
TAX548,T1000001920,2026-02-24,pending_signature,2026-02-24
TAX549,T1000001927,2026-04-08,pending_signature,2026-04-08
TAX550,T1000001928,2025-10-06,pending_signature,2025-10-06
TAX551,T1000001932,2026-04-13,pending_signature,2026-04-13
TAX552,T1000001934,2026-06-25,active,2026-06-27
TAX553,T1000001939,2026-05-03,pending_signature,2026-05-03
TAX554,T1000001944,2026-03-28,active,2026-04-03
TAX555,T1000001946,2025-12-28,active,2026-01-07
TAX556,T1000001949,2026-06-05,active,2026-06-07
TAX557,T1000001950,2025-11-27,expired,2025-12-27
TAX558,T1000001955,2026-05-05,expired,2026-06-04
TAX559,T1000001956,2026-01-16,active,2026-01-18
TAX560,T1000001957,2026-06-14,expired,2026-07-14
TAX561,T1000001962,2026-05-24,active,2026-05-28
TAX562,T1000001966,2026-01-29,active,2026-02-04
TAX563,T1000001973,2026-01-24,active,2026-02-04
TAX564,T1000001974,2025-10-03,pending_signature,2025-10-03
TAX565,T1000001978,2025-10-31,pending_signature,2025-10-31
TAX566,T1000001979,2026-04-14,active,2026-04-15
TAX567,T1000001987,2026-05-15,active,2026-05-23
TAX568,T1000001993,2025-11-29,pending_signature,2025-11-29
TAX569,T1000001995,2026-03-25,active,2026-04-01
TAX570,T1000001999,2026-05-01,active,2026-05-11
TAX571,T1000002001,2025-10-29,active,2025-11-07
TAX572,T1000002002,2026-06-22,active,2026-06-24
TAX573,T1000002008,2026-01-15,active,2026-01-26
TAX574,T1000002011,2026-04-18,active,2026-04-23
TAX575,T1000002012,2026-03-03,active,2026-03-05
TAX576,T1000002016,2026-05-09,expired,2026-06-08
TAX577,T1000002021,2026-04-23,active,2026-04-28
TAX578,T1000002024,2026-04-20,active,2026-04-25
TAX579,T1000002028,2026-06-18,expired,2026-07-18
TAX580,T1000002036,2026-05-30,active,2026-06-08
TAX581,T1000002037,2026-04-24,pending_signature,2026-04-24
TAX582,T1000002042,2026-03-22,active,2026-04-02
TAX583,T1000002046,2026-05-28,active,2026-06-09
TAX584,T1000002047,2026-03-14,active,2026-03-25
TAX585,T1000002059,2026-04-16,active,2026-04-28
TAX586,T1000002065,2026-02-01,active,2026-02-04
TAX587,T1000002074,2025-10-16,active,2025-10-20
TAX588,T1000002075,2026-04-30,active,2026-05-10
TAX589,T1000002080,2025-11-01,active,2025-11-04
TAX590,T1000002090,2025-10-14,pending_signature,2025-10-14
TAX591,T1000002095,2026-04-26,pending_signature,2026-04-26
TAX592,T1000002097,2026-06-21,pending_signature,2026-07-02
TAX593,T1000002099,2026-04-15,expired,2026-05-15
TAX594,T1000002101,2025-12-16,pending_signature,2025-12-16
TAX595,T1000002104,2025-10-12,expired,2025-11-11
TAX596,T1000002105,2026-06-18,active,2026-06-23
TAX597,T1000002107,2026-03-10,pending_signature,2026-03-10
TAX598,T1000002108,2025-11-23,active,2025-12-02
TAX599,T1000002112,2025-12-06,active,2025-12-15
TAX600,T1000002114,2026-04-22,pending_signature,2026-04-22
TAX601,T1000002117,2026-03-04,active,2026-03-10
TAX602,T1000002119,2026-01-05,active,2026-01-08
TAX603,T1000002121,2026-03-04,active,2026-03-08
TAX604,T1000002122,2025-12-07,pending_signature,2025-12-07
TAX605,T1000002126,2026-04-09,active,2026-04-11
TAX606,T1000002127,2026-02-15,pending_signature,2026-02-15
TAX607,T1000002128,2026-04-22,pending_signature,2026-04-22
TAX608,T1000002130,2025-12-16,pending_signature,2025-12-16
TAX609,T1000002134,2026-03-11,pending_signature,2026-03-11
TAX610,T1000002135,2025-12-27,active,2026-01-04
TAX611,T1000002136,2026-06-20,pending_signature,2026-06-20
TAX612,T1000002138,2025-10-30,active,2025-11-11
TAX613,T1000002149,2026-05-01,active,2026-05-11
TAX614,T1000002153,2026-03-22,expired,2026-04-21
TAX615,T1000002155,2026-02-20,active,2026-02-22
TAX616,T1000002156,2025-11-24,expired,2025-12-24
TAX617,T1000002161,2025-12-09,active,2025-12-18
TAX618,T1000002165,2026-05-16,active,2026-05-25
TAX619,T1000002168,2026-06-24,active,2026-06-25
TAX620,T1000002169,2025-10-10,expired,2025-11-09
TAX621,T1000002170,2026-03-29,active,2026-04-11
TAX622,T1000002181,2025-10-11,active,2025-10-20
TAX623,T1000002182,2026-06-21,pending_signature,2026-06-21
TAX624,T1000002185,2026-06-17,expired,2026-07-17
TAX625,T1000002186,2025-12-26,active,2026-01-06
TAX626,T1000002190,2026-05-31,expired,2026-06-30
TAX627,T1000002194,2025-12-29,active,2026-01-09
TAX628,T1000002196,2026-06-21,pending_signature,2026-07-03
TAX629,T1000002197,2026-03-12,active,2026-03-14
TAX630,T1000002200,2025-12-11,active,2025-12-16
TAX631,T1000002208,2026-04-30,active,2026-05-12
TAX632,T1000002212,2026-03-30,active,2026-03-31
TAX633,T1000002223,2025-11-20,active,2025-12-01
TAX634,T1000002228,2025-12-26,active,2025-12-28
TAX635,T1000002232,2025-10-27,active,2025-11-07
TAX636,T1000002234,2026-05-05,active,2026-05-10
TAX637,T1000002246,2026-06-01,active,2026-06-12
TAX638,T1000002252,2026-05-01,active,2026-05-11
TAX639,T1000002256,2026-04-08,pending_signature,2026-04-08
TAX640,T1000002258,2025-10-26,active,2025-10-29
TAX641,T1000002259,2025-11-24,active,2025-12-06
TAX642,T1000002260,2026-06-12,pending_signature,2026-06-12
TAX643,T1000002263,2025-11-02,active,2025-11-03
TAX644,T1000002270,2026-04-14,active,2026-04-19
TAX645,T1000002271,2026-02-20,active,2026-03-05
TAX646,T1000002273,2025-12-19,active,2025-12-25
TAX647,T1000002275,2026-04-20,active,2026-04-25
TAX648,T1000002276,2026-06-05,active,2026-06-16
TAX649,T1000002293,2026-02-15,active,2026-02-17
TAX650,T1000002294,2026-02-02,active,2026-02-05
TAX651,T1000002300,2025-12-22,pending_signature,2025-12-22
TAX652,T1000002301,2026-05-04,active,2026-05-15
TAX653,T1000002304,2026-04-30,active,2026-05-05
TAX654,T1000002309,2026-01-16,active,2026-01-23
TAX655,T1000002313,2026-05-27,expired,2026-06-26
TAX656,T1000002314,2026-05-10,active,2026-05-11
TAX657,T1000002324,2026-06-08,active,2026-06-12
TAX658,T1000002325,2026-01-04,active,2026-01-10
TAX659,T1000002328,2026-04-04,pending_signature,2026-04-04
TAX660,T1000002335,2026-06-16,active,2026-06-28
TAX661,T1000002338,2025-10-18,pending_signature,2025-10-18
TAX662,T1000002340,2026-02-23,pending_signature,2026-02-23
TAX663,T1000002343,2025-12-03,pending_signature,2025-12-03
TAX664,T1000002344,2026-05-20,active,2026-05-25
TAX665,T1000002346,2026-02-13,active,2026-02-23
TAX666,T1000002349,2026-06-23,pending_signature,2026-07-06
TAX667,T1000002361,2025-10-11,pending_signature,2025-10-11
TAX668,T1000002362,2026-05-15,active,2026-05-21
TAX669,T1000002363,2026-01-18,expired,2026-02-17
TAX670,T1000002365,2026-04-19,pending_signature,2026-04-19
TAX671,T1000002367,2026-03-11,active,2026-03-15
TAX672,T1000002368,2025-11-20,active,2025-12-03
TAX673,T1000002374,2026-02-21,expired,2026-03-23
TAX674,T1000002383,2025-11-06,active,2025-11-12
TAX675,T1000002385,2025-12-01,active,2025-12-10
TAX676,T1000002386,2026-01-08,active,2026-01-15
TAX677,T1000002389,2026-03-11,expired,2026-04-10
TAX678,T1000002390,2026-03-10,active,2026-03-12
TAX679,T1000002396,2026-05-30,active,2026-06-10
TAX680,T1000002397,2026-01-18,active,2026-01-31
TAX681,T1000002398,2025-11-06,active,2025-11-15
TAX682,T1000002405,2026-01-12,active,2026-01-17
TAX683,T1000002412,2025-11-14,active,2025-11-27
TAX684,T1000002413,2026-03-28,active,2026-04-09
TAX685,T1000002419,2026-06-23,pending_signature,2026-06-23
TAX686,T1000002420,2025-10-09,pending_signature,2025-10-09
TAX687,T1000002431,2026-03-09,active,2026-03-11
TAX688,T1000002435,2025-12-05,active,2025-12-16
TAX689,T1000002444,2025-11-26,expired,2025-12-26
TAX690,T1000002447,2026-02-07,active,2026-02-20
TAX691,T1000002449,2026-06-01,active,2026-06-03
TAX692,T1000002450,2026-01-23,active,2026-02-02
TAX693,T1000002452,2026-01-17,pending_signature,2026-01-17
TAX694,T1000002453,2026-04-19,active,2026-05-01
TAX695,T1000002456,2026-01-23,active,2026-01-28
TAX696,T1000002460,2026-06-01,active,2026-06-05
TAX697,T1000002464,2026-01-06,expired,2026-02-05
TAX698,T1000002471,2026-05-11,active,2026-05-19
TAX699,T1000002472,2026-06-07,pending_signature,2026-06-07
TAX700,T1000002475,2026-06-12,pending_signature,2026-06-12
TAX701,T1000002476,2025-12-17,active,2025-12-26
TAX702,T1000002477,2025-11-25,active,2025-12-02
TAX703,T1000002478,2026-03-09,active,2026-03-20
TAX704,T1000002479,2026-05-06,pending_signature,2026-05-06
TAX705,T1000002481,2026-04-16,active,2026-04-25
TAX706,T1000002485,2025-12-12,expired,2026-01-11
TAX707,T1000002486,2026-03-16,active,2026-03-19
TAX708,T1000002487,2025-12-14,pending_signature,2025-12-14
TAX709,T1000002490,2026-02-09,expired,2026-03-11
TAX710,T1000002502,2025-12-30,active,2026-01-04
TAX711,T1000002505,2025-12-11,active,2025-12-13
TAX712,T1000002510,2025-12-29,active,2026-01-04
TAX713,T1000002521,2025-10-21,expired,2025-11-20
TAX714,T1000002522,2026-02-16,pending_signature,2026-02-16
TAX715,T1000002523,2026-03-13,active,2026-03-20
TAX716,T1000002528,2026-01-18,active,2026-01-21
TAX717,T1000002532,2026-03-31,active,2026-04-04
TAX718,T1000002538,2025-12-07,pending_signature,2025-12-07
TAX719,T1000002547,2025-12-22,active,2026-01-01
TAX720,T1000002555,2025-11-13,active,2025-11-25
TAX721,T1000002556,2026-02-06,pending_signature,2026-02-06
TAX722,T1000002560,2026-02-16,pending_signature,2026-02-16
TAX723,T1000002562,2026-06-21,active,2026-06-28
TAX724,T1000002566,2026-03-10,pending_signature,2026-03-10
TAX725,T1000002572,2025-10-09,active,2025-10-22
TAX726,T1000002576,2026-01-21,active,2026-02-02
TAX727,T1000002577,2025-11-16,active,2025-11-29
TAX728,T1000002581,2026-01-11,active,2026-01-19
TAX729,T1000002585,2026-06-09,active,2026-06-14
TAX730,T1000002591,2025-12-06,pending_signature,2025-12-06
TAX731,T1000002596,2026-02-24,active,2026-03-08
TAX732,T1000002603,2026-04-06,active,2026-04-19
TAX733,T1000002608,2025-10-29,pending_signature,2025-10-29
TAX734,T1000002609,2025-12-09,pending_signature,2025-12-09
TAX735,T1000002610,2026-06-08,expired,2026-07-08
TAX736,T1000002613,2026-06-08,pending_signature,2026-06-08
TAX737,T1000002614,2026-04-24,active,2026-05-03
TAX738,T1000002619,2025-10-04,pending_signature,2025-10-04
TAX739,T1000002620,2026-04-21,expired,2026-05-21
TAX740,T1000002621,2025-12-11,active,2025-12-14
TAX741,T1000002623,2025-11-26,pending_signature,2025-11-26
TAX742,T1000002630,2026-06-21,pending_signature,2026-07-04
TAX743,T1000002632,2025-10-12,expired,2025-11-11
TAX744,T1000002636,2026-06-28,pending_signature,2026-06-28
TAX745,T1000002637,2026-03-23,active,2026-04-01
TAX746,T1000002641,2026-03-06,expired,2026-04-05
TAX747,T1000002648,2026-03-16,active,2026-03-25
TAX748,T1000002649,2026-03-04,active,2026-03-08
TAX749,T1000002653,2026-03-31,active,2026-04-01
TAX750,T1000002654,2026-06-10,expired,2026-07-10
TAX751,T1000002655,2026-03-03,expired,2026-04-02
TAX752,T1000002657,2025-11-08,active,2025-11-10
TAX753,T1000002659,2026-04-13,active,2026-04-14
TAX754,T1000002660,2026-05-13,active,2026-05-22
TAX755,T1000002663,2025-12-29,active,2026-01-09
TAX756,T1000002668,2025-12-28,expired,2026-01-27
TAX757,T1000002670,2026-03-22,active,2026-03-27
TAX758,T1000002678,2026-06-19,pending_signature,2026-06-19
TAX759,T1000002685,2026-04-15,active,2026-04-20
TAX760,T1000002690,2026-06-13,pending_signature,2026-06-13
TAX761,T1000002701,2025-10-29,active,2025-11-05
TAX762,T1000002703,2025-11-18,active,2025-11-19
TAX763,T1000002704,2026-06-17,expired,2026-07-17
TAX764,T1000002705,2026-04-03,active,2026-04-14
TAX765,T1000002707,2026-03-30,pending_signature,2026-03-30
TAX766,T1000002719,2026-01-06,active,2026-01-09
TAX767,T1000002720,2026-05-25,pending_signature,2026-05-25
TAX768,T1000002723,2026-03-19,expired,2026-04-18
TAX769,T1000002726,2025-12-13,pending_signature,2025-12-13
TAX770,T1000002727,2026-06-19,pending_signature,2026-06-19
TAX771,T1000002728,2026-05-11,expired,2026-06-10
TAX772,T1000002734,2026-03-30,expired,2026-04-29
TAX773,T1000002735,2026-05-21,expired,2026-06-20
TAX774,T1000002740,2026-02-10,expired,2026-03-12
TAX775,T1000002741,2026-03-17,active,2026-03-28
TAX776,T1000002747,2025-10-26,active,2025-11-01
TAX777,T1000002748,2025-11-03,active,2025-11-05
TAX778,T1000002756,2026-03-08,active,2026-03-20
TAX779,T1000002758,2025-10-03,active,2025-10-06
TAX780,T1000002760,2026-02-28,active,2026-03-02
TAX781,T1000002763,2025-12-24,pending_signature,2025-12-24
TAX782,T1000002765,2025-11-09,pending_signature,2025-11-09
TAX783,T1000002767,2025-12-09,active,2025-12-21
TAX784,T1000002777,2025-10-19,active,2025-10-23
TAX785,T1000002778,2026-05-21,pending_signature,2026-05-21
TAX786,T1000002785,2025-10-15,active,2025-10-25
TAX787,T1000002788,2026-06-06,pending_signature,2026-06-06
TAX788,T1000002793,2025-11-17,pending_signature,2025-11-17
TAX789,T1000002794,2026-01-05,expired,2026-02-04
TAX790,T1000002795,2026-01-19,expired,2026-02-18
TAX791,T1000002800,2025-12-14,active,2025-12-16
TAX792,T1000002806,2026-04-23,pending_signature,2026-04-23
TAX793,T1000002807,2026-06-22,pending_signature,2026-07-05
TAX794,T1000002808,2026-06-01,pending_signature,2026-06-01
TAX795,T1000002809,2026-06-02,pending_signature,2026-06-02
TAX796,T1000002810,2026-02-27,active,2026-02-28
TAX797,T1000002811,2026-01-19,active,2026-01-24
TAX798,T1000002813,2026-01-16,active,2026-01-28
TAX799,T1000002816,2026-01-20,active,2026-02-02
TAX800,T1000002819,2026-03-19,expired,2026-04-18
TAX801,T1000002821,2026-03-02,active,2026-03-12
TAX802,T1000002831,2025-12-28,pending_signature,2025-12-28
TAX803,T1000002832,2026-02-05,expired,2026-03-07
TAX804,T1000002839,2026-02-26,pending_signature,2026-02-26
TAX805,T1000002851,2026-06-16,active,2026-06-27
TAX806,T1000002857,2025-11-29,active,2025-12-02
TAX807,T1000002858,2025-10-02,active,2025-10-10
TAX808,T1000002867,2025-10-16,pending_signature,2025-10-16
TAX809,T1000002871,2026-02-21,pending_signature,2026-02-21
TAX810,T1000002872,2025-11-09,active,2025-11-11
TAX811,T1000002875,2026-05-21,active,2026-05-24
TAX812,T1000002879,2025-10-28,pending_signature,2025-10-28
TAX813,T1000002880,2026-02-24,active,2026-03-05
TAX814,T1000002893,2026-06-01,pending_signature,2026-06-01
TAX815,T1000002905,2026-06-01,active,2026-06-02
TAX816,T1000002915,2026-04-15,pending_signature,2026-04-15
TAX817,T1000002916,2026-04-11,expired,2026-05-11
TAX818,T1000002922,2025-09-30,pending_signature,2025-09-30
TAX819,T1000002925,2026-03-16,active,2026-03-24
TAX820,T1000002927,2026-06-20,pending_signature,2026-07-01
TAX821,T1000002928,2026-05-17,expired,2026-06-16
TAX822,T1000002931,2026-06-13,active,2026-06-20
TAX823,T1000002935,2026-03-11,pending_signature,2026-03-11
TAX824,T1000002937,2025-10-15,pending_signature,2025-10-15
TAX825,T1000002938,2026-05-02,pending_signature,2026-05-02
TAX826,T1000002940,2025-12-17,active,2025-12-28
TAX827,T1000002948,2025-10-20,expired,2025-11-19
TAX828,T1000002953,2026-02-10,pending_signature,2026-02-10
TAX829,T1000002954,2026-06-20,active,2026-06-30
TAX830,T1000002958,2025-10-23,active,2025-10-30
TAX831,T1000002961,2026-05-03,active,2026-05-12
TAX832,T1000002964,2025-12-11,active,2025-12-24
TAX833,T1000002966,2026-01-14,active,2026-01-21
TAX834,T1000002970,2026-04-11,active,2026-04-23
TAX835,T1000002978,2026-06-26,pending_signature,2026-07-03
TAX836,T1000002987,2026-03-25,pending_signature,2026-03-25
TAX837,T1000002992,2026-06-28,pending_signature,2026-07-02
TAX838,T1000002993,2025-11-03,active,2025-11-13
TAX839,T1000002995,2026-03-27,active,2026-03-31
TAX840,T1000002996,2025-10-03,pending_signature,2025-10-03
TAX841,T1000002998,2026-02-27,active,2026-03-01
TAX842,T1000003002,2026-06-28,pending_signature,2026-07-10
TAX843,T1000003003,2026-04-03,active,2026-04-06
TAX844,T1000003007,2026-06-26,pending_signature,2026-06-26
TAX845,T1000003011,2025-10-27,active,2025-10-29
TAX846,T1000003013,2026-01-12,active,2026-01-23
TAX847,T1000003015,2025-11-22,active,2025-12-04
TAX848,T1000003022,2026-01-01,pending_signature,2026-01-01
TAX849,T1000003023,2026-05-11,active,2026-05-19
TAX850,T1000003028,2026-03-08,active,2026-03-20
TAX851,T1000003033,2025-11-15,active,2025-11-27
TAX852,T1000003034,2026-03-21,active,2026-03-28
TAX853,T1000003039,2026-01-24,active,2026-02-02
TAX854,T1000003045,2026-02-13,active,2026-02-22
TAX855,T1000003049,2026-06-21,pending_signature,2026-07-01
TAX856,T1000003050,2026-06-16,expired,2026-07-16
TAX857,T1000003051,2026-05-01,active,2026-05-12
TAX858,T1000003053,2025-11-22,active,2025-12-05
TAX859,T1000003055,2026-01-02,active,2026-01-14
TAX860,T1000003058,2026-04-09,pending_signature,2026-04-09
TAX861,T1000003059,2026-01-08,active,2026-01-11
TAX862,T1000003060,2026-05-22,pending_signature,2026-05-22
TAX863,T1000003066,2026-04-27,active,2026-05-06
TAX864,T1000003072,2025-11-05,active,2025-11-18
TAX865,T1000003076,2025-09-30,pending_signature,2025-09-30
TAX866,T1000003077,2026-06-09,active,2026-06-14
TAX867,T1000003079,2026-05-03,active,2026-05-06
TAX868,T1000003083,2025-10-01,active,2025-10-12
TAX869,T1000003086,2026-06-26,pending_signature,2026-06-26
TAX870,T1000003088,2026-01-04,pending_signature,2026-01-04
TAX871,T1000003095,2025-12-22,active,2026-01-04
TAX872,T1000003098,2026-06-14,pending_signature,2026-06-14
TAX873,T1000003101,2025-09-30,active,2025-10-06
TAX874,T1000003104,2026-01-21,pending_signature,2026-01-21
TAX875,T1000003107,2025-12-15,active,2025-12-28
TAX876,T1000003111,2026-04-13,active,2026-04-22
TAX877,T1000003113,2026-03-29,active,2026-04-07
TAX878,T1000003125,2025-10-24,active,2025-11-06
TAX879,T1000003127,2026-01-02,pending_signature,2026-01-02
TAX880,T1000003129,2026-05-25,expired,2026-06-24
TAX881,T1000003130,2026-03-19,pending_signature,2026-03-19
TAX882,T1000003132,2026-05-04,active,2026-05-16
TAX883,T1000003133,2026-03-13,active,2026-03-14
TAX884,T1000003148,2025-12-31,active,2026-01-13
TAX885,T1000003159,2026-05-25,expired,2026-06-24
TAX886,T1000003160,2025-10-25,active,2025-11-05
TAX887,T1000003163,2026-01-06,active,2026-01-12
TAX888,T1000003167,2025-10-19,active,2025-10-31
TAX889,T1000003168,2025-12-17,active,2025-12-26
TAX890,T1000003172,2026-05-11,active,2026-05-15
TAX891,T1000003187,2026-04-11,active,2026-04-15
TAX892,T1000003190,2026-03-11,active,2026-03-13
TAX893,T1000003192,2026-03-25,active,2026-04-06
TAX894,T1000003196,2025-12-23,active,2025-12-31
TAX895,T1000003200,2025-12-18,active,2025-12-22
TAX896,T1000003204,2026-04-25,pending_signature,2026-04-25
TAX897,T1000003208,2025-12-07,expired,2026-01-06
TAX898,T1000003212,2025-11-30,pending_signature,2025-11-30
TAX899,T1000003215,2026-01-21,active,2026-01-29
TAX900,T1000003217,2026-02-17,active,2026-02-26
TAX901,T1000003219,2026-05-15,pending_signature,2026-05-15
TAX902,T1000003223,2026-05-07,pending_signature,2026-05-07
TAX903,T1000003227,2025-12-18,pending_signature,2025-12-18
TAX904,T1000003234,2026-04-21,active,2026-04-29
TAX905,T1000003235,2026-01-02,active,2026-01-11
TAX906,T1000003240,2026-04-27,pending_signature,2026-04-27
TAX907,T1000003241,2026-03-05,active,2026-03-15
TAX908,T1000003243,2025-10-22,active,2025-11-02
TAX909,T1000003259,2026-01-20,expired,2026-02-19
TAX910,T1000003266,2026-03-28,pending_signature,2026-03-28
TAX911,T1000003267,2026-06-03,active,2026-06-12
TAX912,T1000003273,2025-11-06,active,2025-11-16
TAX913,T1000003279,2026-01-29,pending_signature,2026-01-29
TAX914,T1000003296,2025-11-06,active,2025-11-19
TAX915,T1000003298,2026-04-16,active,2026-04-18
TAX916,T1000003299,2025-10-11,active,2025-10-19
TAX917,T1000003300,2025-12-24,pending_signature,2025-12-24
TAX918,T1000003305,2026-05-13,pending_signature,2026-05-13
TAX919,T1000003308,2026-03-16,pending_signature,2026-03-16
TAX920,T1000003310,2026-06-16,pending_signature,2026-06-16
TAX921,T1000003318,2026-02-19,active,2026-02-28
TAX922,T1000003325,2025-11-16,expired,2025-12-16
TAX923,T1000003326,2025-11-26,active,2025-12-02
TAX924,T1000003328,2026-02-14,active,2026-02-18
TAX925,T1000003330,2025-10-31,active,2025-11-02
TAX926,T1000003333,2026-03-21,expired,2026-04-20
TAX927,T1000003341,2025-12-04,active,2025-12-09
TAX928,T1000003343,2026-04-23,pending_signature,2026-04-23
TAX929,T1000003344,2026-05-24,active,2026-05-26
TAX930,T1000003349,2026-06-06,active,2026-06-13
TAX931,T1000003360,2026-03-24,expired,2026-04-23
TAX932,T1000003363,2025-10-05,active,2025-10-06
TAX933,T1000003373,2026-03-08,active,2026-03-13
TAX934,T1000003378,2026-03-20,expired,2026-04-19
TAX935,T1000003382,2025-12-03,active,2025-12-05
TAX936,T1000003388,2025-10-22,active,2025-10-23
TAX937,T1000003397,2025-10-10,active,2025-10-14
TAX938,T1000003403,2025-12-08,expired,2026-01-07
TAX939,T1000003413,2025-11-27,pending_signature,2025-11-27
TAX940,T1000003415,2026-04-29,active,2026-05-11
TAX941,T1000003421,2026-06-18,active,2026-06-24
TAX942,T1000003426,2026-06-10,active,2026-06-22
TAX943,T1000003428,2026-04-09,pending_signature,2026-04-09
TAX944,T1000003429,2026-06-19,active,2026-06-26
TAX945,T1000003430,2026-02-25,active,2026-03-01
TAX946,T1000003434,2025-11-15,active,2025-11-27
TAX947,T1000003445,2026-01-16,active,2026-01-24
TAX948,T1000003454,2026-03-13,active,2026-03-16
TAX949,T1000003458,2026-05-15,pending_signature,2026-05-15
TAX950,T1000003461,2026-06-07,pending_signature,2026-06-07
TAX951,T1000003462,2025-12-08,active,2025-12-18
TAX952,T1000003465,2025-11-29,expired,2025-12-29
TAX953,T1000003466,2026-02-04,pending_signature,2026-02-04
TAX954,T1000003468,2025-12-06,pending_signature,2025-12-06
TAX955,T1000003470,2026-04-09,active,2026-04-12
TAX956,T1000003471,2026-01-06,active,2026-01-12
TAX957,T1000003475,2026-04-02,active,2026-04-06
TAX958,T1000003477,2026-01-06,active,2026-01-11
TAX959,T1000003485,2026-05-26,active,2026-06-08
TAX960,T1000003490,2026-01-29,active,2026-02-09
TAX961,T1000003492,2025-11-24,pending_signature,2025-11-24
TAX962,T1000003503,2025-11-05,active,2025-11-09
TAX963,T1000003505,2026-05-15,active,2026-05-26
TAX964,T1000003510,2025-11-02,pending_signature,2025-11-02
TAX965,T1000003515,2026-03-03,active,2026-03-11
TAX966,T1000003516,2026-01-31,active,2026-02-04
TAX967,T1000003523,2025-10-24,pending_signature,2025-10-24
TAX968,T1000003531,2026-06-06,active,2026-06-11
TAX969,T1000003543,2026-06-08,active,2026-06-21
TAX970,T1000003549,2025-11-18,active,2025-11-19
TAX971,T1000003551,2026-01-12,active,2026-01-22
TAX972,T1000003553,2026-06-20,expired,2026-07-20
TAX973,T1000003555,2025-10-08,pending_signature,2025-10-08
TAX974,T1000003561,2025-11-05,pending_signature,2025-11-05
TAX975,T1000003562,2026-02-12,active,2026-02-17
TAX976,T1000003565,2026-03-22,active,2026-03-24
TAX977,T1000003566,2025-12-18,active,2025-12-30
TAX978,T1000003569,2025-11-27,pending_signature,2025-11-27
TAX979,T1000003572,2026-02-28,active,2026-03-05
TAX980,T1000003573,2026-01-01,active,2026-01-14
TAX981,T1000003574,2026-04-22,active,2026-04-25
TAX982,T1000003583,2026-01-09,active,2026-01-10
TAX983,T1000003584,2026-06-22,expired,2026-07-22
TAX984,T1000003585,2026-01-06,pending_signature,2026-01-06
TAX985,T1000003591,2026-02-20,expired,2026-03-22
TAX986,T1000003594,2026-03-19,active,2026-03-26
TAX987,T1000003604,2026-03-03,pending_signature,2026-03-03
TAX988,T1000003606,2026-01-17,active,2026-01-24
TAX989,T1000003609,2025-12-12,active,2025-12-16
TAX990,T1000003610,2025-10-02,active,2025-10-06
TAX991,T1000003619,2026-05-10,pending_signature,2026-05-10
TAX992,T1000003625,2026-05-16,expired,2026-06-15
TAX993,T1000003628,2025-10-04,active,2025-10-17
TAX994,T1000003629,2026-02-21,pending_signature,2026-02-21
TAX995,T1000003636,2026-03-26,active,2026-04-03
TAX996,T1000003640,2026-02-15,pending_signature,2026-02-15
TAX997,T1000003642,2026-05-19,active,2026-05-26
TAX998,T1000003643,2026-04-19,active,2026-04-27
TAX999,T1000003644,2026-06-16,active,2026-06-17
TAX1000,T1000003646,2026-01-20,active,2026-01-26
TAX1001,T1000003647,2025-10-20,expired,2025-11-19
TAX1002,T1000003648,2026-06-14,active,2026-06-18
TAX1003,T1000003649,2026-06-20,active,2026-06-27
TAX1004,T1000003659,2025-12-03,active,2025-12-14
TAX1005,T1000003660,2026-01-09,active,2026-01-14
TAX1006,T1000003664,2025-10-01,pending_signature,2025-10-01
TAX1007,T1000003666,2026-04-10,active,2026-04-14
TAX1008,T1000003667,2025-09-30,expired,2025-10-30
TAX1009,T1000003673,2026-06-05,active,2026-06-13
TAX1010,T1000003682,2026-01-10,pending_signature,2026-01-10
TAX1011,T1000003685,2026-01-23,active,2026-02-02
TAX1012,T1000003686,2026-02-13,active,2026-02-19
TAX1013,T1000003691,2026-05-22,active,2026-05-29
TAX1014,T1000003693,2026-01-06,pending_signature,2026-01-06
TAX1015,T1000003695,2026-04-04,pending_signature,2026-04-04
TAX1016,T1000003696,2026-04-12,active,2026-04-20
TAX1017,T1000003697,2026-03-19,active,2026-03-23
TAX1018,T1000003705,2025-12-07,pending_signature,2025-12-07
TAX1019,T1000003706,2026-01-20,active,2026-01-25
TAX1020,T1000003708,2025-12-22,active,2025-12-27
TAX1021,T1000003709,2026-03-07,active,2026-03-20
TAX1022,T1000003718,2025-12-31,pending_signature,2025-12-31
TAX1023,T1000003719,2026-02-28,active,2026-03-10
TAX1024,T1000003721,2026-02-28,active,2026-03-07
TAX1025,T1000003728,2025-10-02,active,2025-10-13
TAX1026,T1000003730,2026-05-24,active,2026-05-28
TAX1027,T1000003731,2026-04-08,pending_signature,2026-04-08
TAX1028,T1000003732,2025-11-23,active,2025-11-27
TAX1029,T1000003736,2026-02-06,pending_signature,2026-02-06
TAX1030,T1000003739,2026-04-07,active,2026-04-08
TAX1031,T1000003741,2026-05-21,pending_signature,2026-05-21
TAX1032,T1000003743,2026-01-18,expired,2026-02-17
TAX1033,T1000003751,2025-10-26,active,2025-10-27
TAX1034,T1000003761,2025-12-13,expired,2026-01-12
TAX1035,T1000003762,2026-03-25,expired,2026-04-24
TAX1036,T1000003767,2026-06-13,pending_signature,2026-06-13
TAX1037,T1000003768,2026-06-27,active,2026-06-30
TAX1038,T1000003770,2026-05-08,active,2026-05-11
TAX1039,T1000003774,2026-02-15,active,2026-02-28
TAX1040,T1000003779,2026-03-19,active,2026-03-22
TAX1041,T1000003781,2026-04-25,active,2026-05-03
TAX1042,T1000003782,2026-06-17,active,2026-06-26
TAX1043,T1000003784,2025-12-27,active,2026-01-04
TAX1044,T1000003785,2026-06-08,pending_signature,2026-06-08
TAX1045,T1000003787,2025-12-29,pending_signature,2025-12-29
TAX1046,T1000003788,2026-02-28,expired,2026-03-30
TAX1047,T1000003791,2025-11-20,expired,2025-12-20
TAX1048,T1000003794,2026-02-05,active,2026-02-16
TAX1049,T1000003796,2026-04-30,pending_signature,2026-04-30
TAX1050,T1000003799,2026-02-05,expired,2026-03-07
TAX1051,T1000003801,2026-06-28,expired,2026-07-28
TAX1052,T1000003807,2025-11-10,active,2025-11-20
TAX1053,T1000003817,2026-06-21,active,2026-06-27
TAX1054,T1000003820,2026-03-17,active,2026-03-27
TAX1055,T1000003833,2026-06-27,pending_signature,2026-07-01
TAX1056,T1000003834,2025-10-03,active,2025-10-15
TAX1057,T1000003836,2025-12-07,expired,2026-01-06
TAX1058,T1000003837,2025-12-05,active,2025-12-10
TAX1059,T1000003838,2026-02-19,active,2026-02-22
TAX1060,T1000003842,2026-03-07,pending_signature,2026-03-07
TAX1061,T1000003845,2025-12-28,pending_signature,2025-12-28
TAX1062,T1000003853,2025-11-03,expired,2025-12-03
TAX1063,T1000003854,2026-05-10,active,2026-05-18
TAX1064,T1000003856,2026-05-19,active,2026-05-30
TAX1065,T1000003858,2026-04-12,pending_signature,2026-04-12
TAX1066,T1000003867,2025-11-23,expired,2025-12-23
TAX1067,T1000003868,2025-10-22,active,2025-10-27
TAX1068,T1000003869,2026-05-12,pending_signature,2026-05-12
TAX1069,T1000003872,2026-03-02,active,2026-03-12
TAX1070,T1000003874,2025-10-21,pending_signature,2025-10-21
TAX1071,T1000003875,2026-03-25,expired,2026-04-24
TAX1072,T1000003877,2026-06-15,pending_signature,2026-06-15
TAX1073,T1000003880,2026-06-06,active,2026-06-18
TAX1074,T1000003895,2026-01-22,active,2026-01-23
TAX1075,T1000003896,2025-10-29,active,2025-11-06
TAX1076,T1000003900,2025-10-22,active,2025-11-04
TAX1077,T1000003901,2026-05-13,active,2026-05-16
TAX1078,T1000003902,2025-10-13,active,2025-10-17
TAX1079,T1000003910,2026-05-13,active,2026-05-18
TAX1080,T1000003916,2026-06-28,pending_signature,2026-07-06
TAX1081,T1000003924,2026-05-08,active,2026-05-09
TAX1082,T1000003926,2026-02-13,expired,2026-03-15
TAX1083,T1000003930,2026-06-09,active,2026-06-16
TAX1084,T1000003933,2025-11-18,pending_signature,2025-11-18
TAX1085,T1000003936,2026-03-07,active,2026-03-19
TAX1086,T1000003937,2026-03-11,pending_signature,2026-03-11
TAX1087,T1000003942,2026-03-09,pending_signature,2026-03-09
TAX1088,T1000003948,2026-06-05,pending_signature,2026-06-05
TAX1089,T1000003951,2026-06-04,active,2026-06-12
TAX1090,T1000003953,2026-06-07,active,2026-06-12
TAX1091,T1000003955,2025-10-02,pending_signature,2025-10-02
TAX1092,T1000003977,2026-03-14,pending_signature,2026-03-14
TAX1093,T1000003978,2026-05-26,active,2026-06-04
TAX1094,T1000003981,2026-02-20,pending_signature,2026-02-20
TAX1095,T1000003986,2025-10-30,active,2025-11-05
TAX1096,T1000003989,2025-12-07,active,2025-12-20
TAX1097,T1000003991,2026-04-14,pending_signature,2026-04-14
TAX1098,T1000003992,2025-10-12,active,2025-10-25
TAX1099,T1000003995,2026-06-05,pending_signature,2026-06-05
TAX1100,T1000003996,2026-03-31,active,2026-04-07
TAX1101,T1000004003,2025-12-18,pending_signature,2025-12-18
TAX1102,T1000004006,2026-05-09,pending_signature,2026-05-09
TAX1103,T1000004012,2025-11-28,expired,2025-12-28
TAX1104,T1000004014,2026-04-03,active,2026-04-05
TAX1105,T1000004016,2025-11-24,active,2025-12-02
TAX1106,T1000004022,2026-01-08,active,2026-01-16
TAX1107,T1000004024,2026-03-26,active,2026-04-03
TAX1108,T1000004025,2025-12-05,expired,2026-01-04
TAX1109,T1000004026,2025-11-04,active,2025-11-11
TAX1110,T1000004039,2025-10-09,active,2025-10-20
TAX1111,T1000004044,2026-05-24,pending_signature,2026-05-24
TAX1112,T1000004045,2026-01-21,expired,2026-02-20
TAX1113,T1000004046,2026-03-05,expired,2026-04-04
TAX1114,T1000004048,2026-04-12,expired,2026-05-12
TAX1115,T1000004050,2026-05-18,pending_signature,2026-05-18
TAX1116,T1000004055,2026-05-15,active,2026-05-18
TAX1117,T1000004057,2026-01-12,pending_signature,2026-01-12
TAX1118,T1000004062,2026-04-22,active,2026-04-29
TAX1119,T1000004066,2026-06-01,pending_signature,2026-06-01
TAX1120,T1000004068,2026-05-04,active,2026-05-15
TAX1121,T1000004069,2026-03-14,expired,2026-04-13
TAX1122,T1000004070,2025-12-30,active,2026-01-11
TAX1123,T1000004077,2026-03-27,expired,2026-04-26
TAX1124,T1000004078,2026-05-19,active,2026-05-28
TAX1125,T1000004081,2026-06-20,active,2026-06-25
TAX1126,T1000004084,2026-04-21,active,2026-04-24
TAX1127,T1000004085,2025-11-13,active,2025-11-22
TAX1128,T1000004095,2025-10-26,active,2025-11-04
TAX1129,T1000004096,2025-12-09,active,2025-12-15
TAX1130,T1000004100,2026-03-31,active,2026-04-03
TAX1131,T1000004102,2025-11-28,active,2025-12-05
TAX1132,T1000004104,2025-12-29,active,2026-01-02
TAX1133,T1000004106,2026-06-08,pending_signature,2026-06-08
TAX1134,T1000004111,2026-03-16,expired,2026-04-15
TAX1135,T1000004114,2025-12-12,expired,2026-01-11
TAX1136,T1000004117,2025-11-15,pending_signature,2025-11-15
TAX1137,T1000004120,2026-05-20,pending_signature,2026-05-20
TAX1138,T1000004122,2025-12-24,active,2025-12-31
TAX1139,T1000004124,2026-01-04,pending_signature,2026-01-04
TAX1140,T1000004128,2026-02-19,active,2026-02-21
TAX1141,T1000004135,2025-12-28,active,2026-01-09
TAX1142,T1000004136,2026-04-25,pending_signature,2026-04-25
TAX1143,T1000004139,2026-02-19,active,2026-02-27
TAX1144,T1000004153,2026-01-27,active,2026-02-04
TAX1145,T1000004159,2025-11-14,active,2025-11-16
TAX1146,T1000004161,2026-06-22,active,2026-06-24
TAX1147,T1000004170,2026-05-07,expired,2026-06-06
TAX1148,T1000004172,2025-11-30,active,2025-12-05
TAX1149,T1000004177,2026-05-05,active,2026-05-18
TAX1150,T1000004178,2025-10-13,active,2025-10-23
TAX1151,T1000004179,2026-03-21,active,2026-03-31
TAX1152,T1000004187,2025-10-29,active,2025-10-31
TAX1153,T1000004188,2026-04-23,active,2026-05-01
TAX1154,T1000004189,2026-03-19,active,2026-03-20
TAX1155,T1000004190,2026-03-11,active,2026-03-24
TAX1156,T1000004194,2026-02-19,pending_signature,2026-02-19
TAX1157,T1000004196,2025-10-25,active,2025-11-05
TAX1158,T1000004202,2026-02-14,pending_signature,2026-02-14
TAX1159,T1000004209,2025-11-26,active,2025-11-28
TAX1160,T1000004210,2025-12-17,expired,2026-01-16
TAX1161,T1000004211,2025-12-05,expired,2026-01-04
TAX1162,T1000004212,2026-02-21,active,2026-03-06
TAX1163,T1000004219,2026-01-31,active,2026-02-10
TAX1164,T1000004221,2026-01-11,active,2026-01-20
TAX1165,T1000004222,2026-04-24,active,2026-04-25
TAX1166,T1000004223,2025-11-29,expired,2025-12-29
TAX1167,T1000004227,2026-04-19,active,2026-05-02
TAX1168,T1000004231,2025-10-16,active,2025-10-19
TAX1169,T1000004234,2025-12-15,pending_signature,2025-12-15
TAX1170,T1000004235,2026-03-15,pending_signature,2026-03-15
TAX1171,T1000004236,2026-01-27,active,2026-02-08
TAX1172,T1000004240,2026-02-13,pending_signature,2026-02-13
TAX1173,T1000004243,2026-06-14,pending_signature,2026-06-14
TAX1174,T1000004244,2026-04-04,active,2026-04-13
TAX1175,T1000004245,2026-02-25,active,2026-03-09
TAX1176,T1000004250,2026-01-19,expired,2026-02-18
TAX1177,T1000004253,2025-10-26,active,2025-11-01
TAX1178,T1000004254,2026-06-25,expired,2026-07-25
TAX1179,T1000004256,2025-11-24,expired,2025-12-24
TAX1180,T1000004266,2026-03-29,pending_signature,2026-03-29
TAX1181,T1000004267,2026-02-19,active,2026-02-28
TAX1182,T1000004274,2026-03-05,active,2026-03-15
TAX1183,T1000004275,2025-10-31,active,2025-11-09
TAX1184,T1000004276,2026-05-13,pending_signature,2026-05-13
TAX1185,T1000004277,2026-05-25,active,2026-05-31
TAX1186,T1000004281,2026-06-19,expired,2026-07-19
TAX1187,T1000004288,2025-11-16,active,2025-11-24
TAX1188,T1000004289,2026-02-03,expired,2026-03-05
TAX1189,T1000004296,2026-05-23,active,2026-06-03
TAX1190,T1000004297,2026-02-07,expired,2026-03-09
TAX1191,T1000004298,2025-11-30,expired,2025-12-30
TAX1192,T1000004303,2026-05-17,pending_signature,2026-05-17
TAX1193,T1000004305,2026-04-07,pending_signature,2026-04-07
TAX1194,T1000004306,2025-12-08,active,2025-12-18
TAX1195,T1000004309,2026-04-09,active,2026-04-22
TAX1196,T1000004312,2026-05-19,pending_signature,2026-05-19
TAX1197,T1000004313,2025-10-25,active,2025-10-30
TAX1198,T1000004314,2026-02-09,expired,2026-03-11
TAX1199,T1000004322,2026-04-15,expired,2026-05-15
TAX1200,T1000004324,2025-11-16,active,2025-11-28
TAX1201,T1000004326,2026-04-06,pending_signature,2026-04-06
TAX1202,T1000004333,2026-03-14,active,2026-03-23
TAX1203,T1000004337,2025-12-22,pending_signature,2025-12-22
TAX1204,T1000004342,2026-03-04,active,2026-03-17
TAX1205,T1000004343,2025-10-06,active,2025-10-16
TAX1206,T1000004344,2026-04-08,active,2026-04-13
TAX1207,T1000004354,2026-05-26,active,2026-06-06
TAX1208,T1000004358,2025-10-02,active,2025-10-12
TAX1209,T1000004364,2025-12-26,pending_signature,2025-12-26
TAX1210,T1000004369,2025-12-25,active,2026-01-01
TAX1211,T1000004375,2025-10-15,pending_signature,2025-10-15
TAX1212,T1000004379,2025-10-05,active,2025-10-11
TAX1213,T1000004384,2026-04-11,pending_signature,2026-04-11
TAX1214,T1000004389,2026-02-27,expired,2026-03-29
TAX1215,T1000004390,2026-03-12,pending_signature,2026-03-12
TAX1216,T1000004396,2025-10-20,active,2025-10-21
TAX1217,T1000004402,2025-10-01,pending_signature,2025-10-01
TAX1218,T1000004407,2025-12-27,active,2026-01-09
TAX1219,T1000004409,2026-04-05,active,2026-04-11
TAX1220,T1000004411,2026-01-10,pending_signature,2026-01-10
TAX1221,T1000004415,2026-03-13,active,2026-03-15
TAX1222,T1000004416,2026-03-14,active,2026-03-27
TAX1223,T1000004423,2026-05-11,pending_signature,2026-05-11
TAX1224,T1000004424,2026-05-14,active,2026-05-22
TAX1225,T1000004428,2025-11-19,active,2025-11-20
TAX1226,T1000004429,2025-10-09,active,2025-10-13
TAX1227,T1000004431,2025-10-15,active,2025-10-21
TAX1228,T1000004434,2026-05-22,active,2026-05-28
TAX1229,T1000004439,2026-04-15,active,2026-04-17
TAX1230,T1000004441,2025-11-19,expired,2025-12-19
TAX1231,T1000004447,2026-04-20,active,2026-04-30
TAX1232,T1000004448,2026-02-03,active,2026-02-15
TAX1233,T1000004456,2025-10-16,active,2025-10-19
TAX1234,T1000004461,2026-01-05,active,2026-01-18
TAX1235,T1000004463,2026-02-19,active,2026-02-21
TAX1236,T1000004465,2026-01-05,active,2026-01-13
TAX1237,T1000004467,2025-09-30,active,2025-10-11
TAX1238,T1000004468,2025-11-16,active,2025-11-20
TAX1239,T1000004476,2026-01-29,active,2026-01-31
TAX1240,T1000004477,2025-11-04,pending_signature,2025-11-04
TAX1241,T1000004480,2026-02-09,active,2026-02-21
TAX1242,T1000004481,2025-11-04,active,2025-11-12
TAX1243,T1000004484,2026-06-25,active,2026-06-29
TAX1244,T1000004485,2025-10-12,active,2025-10-20
TAX1245,T1000004488,2026-05-12,expired,2026-06-11
TAX1246,T1000004489,2026-02-03,active,2026-02-06
TAX1247,T1000004498,2026-03-09,active,2026-03-13
TAX1248,T1000004502,2026-02-26,pending_signature,2026-02-26
TAX1249,T1000004503,2026-04-15,active,2026-04-18
TAX1250,T1000004512,2026-03-11,expired,2026-04-10
TAX1251,T1000004519,2026-01-21,active,2026-01-22
TAX1252,T1000004520,2025-12-25,active,2026-01-02
TAX1253,T1000004524,2026-03-28,active,2026-04-08
TAX1254,T1000004525,2026-02-22,active,2026-03-01
TAX1255,T1000004526,2026-01-08,expired,2026-02-07
TAX1256,T1000004532,2026-05-13,expired,2026-06-12
TAX1257,T1000004533,2026-03-17,pending_signature,2026-03-17
TAX1258,T1000004534,2026-01-07,expired,2026-02-06
TAX1259,T1000004535,2026-03-05,active,2026-03-15
TAX1260,T1000004536,2026-04-13,active,2026-04-25
TAX1261,T1000004539,2025-11-19,active,2025-12-02
TAX1262,T1000004547,2026-01-01,active,2026-01-03
TAX1263,T1000004548,2025-12-28,pending_signature,2025-12-28
TAX1264,T1000004552,2026-06-07,active,2026-06-16
TAX1265,T1000004560,2026-01-31,pending_signature,2026-01-31
TAX1266,T1000004564,2026-06-24,active,2026-06-30
TAX1267,T1000004567,2025-10-23,expired,2025-11-22
TAX1268,T1000004568,2025-10-23,active,2025-10-28
TAX1269,T1000004574,2025-11-15,active,2025-11-19
TAX1270,T1000004575,2025-11-04,pending_signature,2025-11-04
TAX1271,T1000004576,2026-04-29,active,2026-04-30
TAX1272,T1000004577,2025-12-28,expired,2026-01-27
